height,temp,rainfallh,,,
4.63,45,0,,,
4.66,44.5,0,,,
4.7,44.2,0,,,
4.78,44,0,,,
4.82,43.5,0,,,
4.86,42.8,0,,,
4.9,41.9,0,,,
4.94,41.9,0,,,
4.97,42.7,0,,,
5.03,43.8,0,,,
5.04,44.9,0,,,
5.05,46.4,0,,,
5.06,48.4,0,,,
5.05,51.8,0,,,
5.04,51,0,,,
5.03,52.6,0,,,
5.03,52.7,0.01,,,
5.01,52.8,0,,,
4.98,52.7,0,,,
4.97,51.7,0,,,
4.95,50.9,0,,,
4.94,50.1,0,,,
4.92,49.7,0,,,
4.9,49.3,0,,,
4.88,49.1,0,,,
4.85,48.8,0,,,
4.83,48.6,0,,,
4.81,48.4,0,,,
4.79,48.4,0,,,
4.77,50.4,0,,,
4.74,53.2,0,,,
4.72,55.6,0,,,
4.7,59,0,,,
4.68,57,0,,,
4.66,61.1,0,,,
4.61,61.5,0,,,
4.59,64,0,,,
4.57,68.1,0,,,
4.55,73.2,0,,,
4.53,61,0,,,
4.49,55.8,0,,,
4.46,50.8,0,,,
4.45,48.3,0,,,
4.42,46.4,0,,,
4.4,44.6,0,,,
4.36,43.4,0,,,
4.34,42.2,0,,,
4.32,41.6,0,,,
4.31,43,0,,,
4.29,45.6,0,,,
4.27,50.3,0,,,
4.23,54.3,0,,,
4.22,58.3,0,,,
4.21,62.7,0,,,
4.19,64.3,0,,,
4.17,66,0,,,
4.15,65.4,0,,,
4.12,64.4,0,,,
4.11,66.5,0,,,
4.09,54.9,0,,,
4.07,50.5,0,,,
4.06,49.5,0,,,
4.05,49,0,,,
4.02,48.4,0,,,
4,48.1,0,,,
3.99,47.9,0,,,
3.98,47.9,0,,,
3.95,48,0,,,
3.94,48.2,0,,,
3.93,49.4,0,,,
3.91,52.3,0,,,
3.9,56.2,0,,,
3.89,58.7,0,,,
3.87,62.9,0,,,
3.86,66.3,0,,,
3.85,66.7,0,,,
3.83,68,0,,,
3.82,68.5,0,,,
3.8,69.2,0,,,
3.79,68.1,0,,,
3.77,64.1,0,,,
3.76,59.7,0,,,
3.75,57.7,0,,,
3.75,54.2,0,,,
3.73,50.1,0,,,
3.72,47.6,0,,,
3.71,48.1,0,,,
3.7,40.3,0,,,
3.69,39.7,0,,,
3.67,43.2,0,,,
3.66,49.6,0,,,
3.65,56.4,0,,,
3.64,61.6,0,,,
3.63,65.3,0,,,
3.62,69.4,0,,,
3.6,68.4,0,,,
3.59,71.7,0,,,
3.58,71.2,0,,,
3.57,71.7,0,,,
3.56,69.1,0,,,
3.55,64.5,0,,,
3.54,59.1,0,,,
3.53,55.2,0,,,
3.53,53.6,0,,,
3.52,50.9,0,,,
3.51,49,0,,,
3.5,49.4,0,,,
3.5,48.7,0,,,
3.49,49.4,0,,,
3.48,50.9,0,,,
3.48,54.2,0,,,
3.46,57.4,0,,,
3.46,57.3,0,,,
3.45,56.7,0,,,
3.45,57.7,0,,,
3.44,58.1,0,,,
3.44,54.6,0.01,,,
3.44,53.9,0.06,,,
3.44,54.9,0.01,,,
3.44,57.3,0,,,
3.43,58,0,,,
3.43,57.3,0,,,
3.42,57.7,0,,,
3.42,57,0,,,
3.41,57,0,,,
3.41,57.2,0,,,
3.4,57.4,0,,,
3.4,58.1,0,,,
3.4,57.6,0,,,
3.39,57.8,0,,,
3.4,58.6,0.01,,,
3.4,58.6,0,,,
3.39,60.9,0,,,
3.39,62.4,0,,,
3.39,63.1,0,,,
3.4,65.3,0,,,
3.41,63.2,0,,,
3.41,61,0,,,
3.41,60.1,0.01,,,
3.41,60.1,0.01,,,
3.42,59.9,0,,,
3.41,59.4,0,,,
3.41,58.7,0,,,
3.41,58.6,0,,,
3.41,58.2,0,,,
3.41,58,0,,,
3.41,57.8,0,,,
3.41,57.9,0,,,
3.41,58.3,0,,,
3.41,58.2,0,,,
3.41,59.1,0,,,
3.41,63.6,0,,,
3.41,67.7,0,,,
3.41,71,0,,,
3.41,71.2,0,,,
3.41,74.3,0,,,
3.41,75.5,0,,,
3.41,76.8,0,,,
3.41,77.6,0,,,
3.41,80.1,0,,,
3.41,77.4,0,,,
3.41,74.8,0,,,
3.41,67.1,0,,,
3.41,63.6,0,,,
3.41,60.7,0,,,
3.41,59.1,0,,,
3.41,58.6,0,,,
3.42,58.2,0,,,
3.42,59,0.04,,,
3.46,57.6,0.06,,,
3.45,58.4,0,,,
3.45,60,0,,,
3.46,67,0,,,
3.46,72.1,0,,,
3.47,78.1,0,,,
3.47,80.5,0,,,
3.48,84.1,0,,,
3.48,83.6,0,,,
3.49,82.9,0,,,
3.49,81.6,0,,,
3.48,81,0,,,
3.47,76.7,0,,,
3.47,73.4,0,,,
3.47,70.4,0,,,
3.47,68.5,0,,,
3.46,65.8,0,,,
3.46,64.4,0,,,
3.46,64.3,0,,,
3.46,64.1,0,,,
3.46,63.8,0,,,
3.46,64.3,0,,,
3.46,63.8,0,,,
3.46,65.5,0,,,
3.46,67.7,0,,,
3.45,72.5,0,,,
3.45,77.1,0,,,
3.45,79.7,0,,,
3.45,80.7,0,,,
3.44,76.3,0,,,
3.44,75.4,0,,,
3.43,74.3,0,,,
3.43,72.4,0,,,
3.42,70.6,0,,,
3.42,69.1,0,,,
3.42,65.8,0,,,
3.42,63.1,0.1,,,
3.43,61.7,0.08,,,
3.45,61,0.14,,,
3.52,59.8,0.43,,,
3.56,57.9,0,,,
3.61,57.6,0,,,
3.75,58.8,0,,,
3.81,62.7,0,,,
3.86,67.5,0,,,
3.93,71.2,0,,,
4,73.2,0,,,
4.16,77.7,0,,,
4.28,79.1,0,,,
4.42,79.3,0,,,
4.59,79.8,0,,,
4.77,80,0,,,
5.07,77.7,0,,,
5.2,72.3,0,,,
5.3,68.1,0,,,
5.38,66,0,,,
5.44,63.1,0,,,
5.52,62.7,0,,,
5.53,61.2,0,,,
5.54,60.7,0,,,
5.53,55.6,0,,,
5.52,57.1,0,,,
5.47,61,0,,,
5.44,63.1,0,,,
5.41,66,0,,,
5.37,67.4,0,,,
5.33,70,0,,,
5.25,72.9,0,,,
5.2,73.6,0,,,
5.2,75.8,0,,,
5.11,76.8,0,,,
5.07,81.1,0,,,
4.99,75.7,0,,,
4.96,66.8,0,,,
4.92,62.9,0,,,
4.88,59.6,0,,,
4.84,57.4,0,,,
4.76,55.6,0,,,
4.73,54.3,0,,,
4.7,53.1,0,,,
4.67,52.2,0,,,
4.63,53.4,0,,,
4.57,57.4,0,,,
4.54,64,0,,,
4.52,71.2,0,,,
4.48,70.8,0,,,
4.45,73.6,0,,,
4.4,72.3,0,,,
4.37,70,0,,,
4.34,69.9,0,,,
4.31,66.5,0,,,
4.27,63.2,0,,,
4.25,60.4,0,,,
4.23,58.3,0,,,
4.2,57.1,0,,,
4.18,56.4,0,,,
4.14,56.4,0,,,
4.12,56,0,,,
4.1,54,0,,,
4.08,55,0,,,
4.07,55,0,,,
4.05,55,0,,,
4.02,55,0,,,
4.01,56,0,,,
4,60.8,0,,,
3.98,62.1,0,,,
3.97,62.8,0,,,
3.94,62,0,,,
3.92,61.4,0,,,
3.91,62,0.02,,,
3.9,62.7,0.02,,,
3.89,61.7,0.01,,,
3.86,61.3,0,,,
3.85,60.9,0,,,
3.83,60.9,0,,,
3.82,60.5,0,,,
3.81,61,0,,,
3.79,60.7,0,,,
3.79,58.2,0,,,
3.77,55.3,0,,,
3.77,52.5,0,,,
3.76,52.1,0,,,
3.75,56.2,0,,,
3.75,59.9,0,,,
3.74,62.3,0,,,
3.73,64.9,0.01,,,
3.73,66.5,0.01,,,
3.72,68.7,0,,,
3.72,70.9,0,,,
3.7,73.3,0,,,
3.7,74.5,0,,,
3.69,72,0,,,
3.68,76.6,0,,,
3.68,70.7,0,,,
3.66,63.7,0,,,
3.66,60.5,0,,,
3.66,57.8,0,,,
3.65,56.9,0,,,
3.64,54.2,0,,,
3.63,54,0,,,
3.62,53.4,0,,,
3.62,52.4,0,,,
3.61,55.1,0,,,
3.61,63.2,0,,,
3.6,70.9,0,,,
3.59,73.5,0,,,
3.59,77.4,0,,,
3.58,78.8,0,,,
3.58,79.5,0,,,
3.57,78.6,0,,,
3.56,74.2,0,,,
3.54,73.6,0,,,
3.54,70.7,0,,,
3.53,64.3,0,,,
3.52,59.4,0,,,
3.52,58.1,0,,,
3.51,57.4,0,,,
3.5,57.1,0,,,
3.49,56.9,0,,,
3.49,56.4,0,,,
3.48,56.2,0,,,
3.47,56,0,,,
3.47,56.2,0.01,,,
3.46,57.2,0,,,
3.46,57.7,0.14,,,
3.46,60.7,0,,,
3.45,65.2,0,,,
3.45,67.7,0,,,
3.45,68.1,0,,,
3.43,69.6,0,,,
3.43,71.3,0,,,
3.42,72.4,0,,,
3.42,71.7,0,,,
3.41,67,0,,,
3.41,63,0,,,
3.4,60,0,,,
3.39,57.9,0,,,
3.39,56.2,0,,,
3.39,51.3,0,,,
3.38,49.2,0,,,
3.38,47.6,0,,,
3.37,45.5,0,,,
3.36,47.5,0,,,
3.36,55.2,0,,,
3.36,61.9,0,,,
3.35,67.8,0,,,
3.35,69.2,0,,,
3.35,70.4,0,,,
3.35,74.4,0,,,
3.35,73.8,0,,,
3.33,72.5,0,,,
3.33,72.9,0,,,
3.33,71,0,,,
3.33,65.3,0,,,
3.33,59.1,0,,,
3.33,57.3,0,,,
3.32,56.2,0,,,
3.31,55.3,0,,,
3.31,54.7,0,,,
3.3,55.9,0,,,
3.3,57,0,,,
3.3,56.3,0.05,,,
3.31,54.4,0.19,,,
3.34,55.2,0.24,,,
3.35,56.8,0.16,,,
3.37,57.6,0.24,,,
3.43,58.5,0.15,,,
3.47,58.3,0.18,,,
3.54,58.3,0.3,,,
3.65,58.8,0.06,,,
3.77,61.1,0,,,
3.96,59.1,0,,,
4.02,57.5,0,,,
4.06,56.8,0,,,
4.1,56.8,0,,,
4.16,55.3,0,,,
4.37,55.4,0,,,
4.55,55.4,0.01,,,
4.74,55.1,0,,,
4.92,54.7,0,,,
5.07,53.7,0,,,
5.31,54.1,0,,,
5.4,54.5,0.01,,,
5.47,56.5,0.01,,,
5.52,59.8,0,,,
5.56,61.7,0,,,
5.59,64.8,0,,,
5.6,67.7,0,,,
5.59,71.7,0,,,
5.58,73.1,0,,,
5.57,75,0,,,
5.52,77.2,0,,,
5.49,78.4,0,,,
5.46,78.4,0,,,
5.43,64.6,0,,,
5.4,63.9,0,,,
5.34,61,0,,,
5.31,59.4,0,,,
5.27,58.3,0,,,
5.24,57.3,0,,,
5.21,57.4,0,,,
5.14,57.8,0,,,
5.1,59.5,0,,,
5.07,60.8,0,,,
5.04,62.5,0,,,
5.01,62.2,0,,,
4.94,60.4,0.03,,,
4.92,59.9,0.03,,,
4.89,59.1,0.02,,,
4.86,58.3,0,,,
4.83,59,0,,,
4.78,58.2,0.03,,,
4.76,58.8,0,,,
4.73,58.7,0,,,
4.71,58.3,0.06,,,
4.79,58.5,0.21,,,
4.92,57,0,,,
4.92,57.8,0,,,
4.92,57,0,,,
4.92,55.8,0,,,
4.94,56.2,0,,,
4.97,60.7,0,,,
5,63.6,0,,,
5.05,67.4,0,,,
5.08,70.2,0,,,
5.15,73.8,0,,,
5.17,76.1,0,,,
5.18,77.6,0,,,
5.18,78.6,0,,,
5.18,78.9,0,,,
5.16,75.3,0,,,
5.16,71.7,0,,,
5.14,67.8,0,,,
5.12,65.4,0,,,
5.08,61.8,0,,,
5.06,61.7,0,,,
5.03,59.7,0,,,
5.01,56.8,0,,,
4.97,53.5,0,,,
4.94,53.4,0,,,
4.92,57.2,0,,,
4.9,60.9,0,,,
4.88,64.8,0,,,
4.83,66.5,0,,,
4.81,69.5,0,,,
4.79,71.9,0,,,
4.77,73.4,0,,,
4.72,74.8,0,,,
4.7,76,0,,,
4.67,76,0,,,
4.65,75,0,,,
4.63,69.1,0,,,
4.58,64.9,0,,,
4.57,64.6,0,,,
4.55,62.1,0,,,
4.52,52.7,0,,,
4.51,55.9,0,,,
4.46,54,0,,,
4.44,53,0,,,
4.43,52.9,0,,,
4.4,56.4,0,,,
4.38,61,0,,,
4.34,66.4,0,,,
4.32,68.5,0,,,
4.3,71.4,0,,,
4.28,72.6,0,,,
4.25,74.3,0,,,
4.24,75.1,0,,,
4.2,77,0,,,
4.18,64.6,0.12,,,
4.15,71.6,0,,,
4.14,66.9,0,,,
4.12,61.7,0,,,
4.1,59.6,0,,,
4.06,57.6,0,,,
4.04,55.9,0,,,
4.03,54.4,0,,,
4.01,52.7,0,,,
3.98,50.9,0,,,
3.97,51.9,0.01,,,
3.95,54.5,0,,,
3.94,57.7,0,,,
3.92,63.7,0,,,
3.89,67.1,0,,,
3.87,72.4,0,,,
3.86,74.4,0,,,
3.84,73.1,0,,,
3.83,77.4,0,,,
3.81,78.1,0,,,
3.79,76.6,0,,,
3.78,69.4,0,,,
3.81,65.1,0,,,
3.76,61.4,0,,,
3.75,59.6,0,,,
3.73,57.8,0,,,
3.72,56,0,,,
3.71,55.3,0,,,
3.7,54.9,0,,,
3.69,54.8,0,,,
3.67,55,0,,,
3.66,55.5,0,,,
3.65,56.3,0,,,
3.65,56.7,0.05,,,
3.64,56.7,0.06,,,
3.64,57.2,0.06,,,
3.64,56.6,0.1,,,
3.65,56.5,0.15,,,
3.66,54.2,0.09,,,
3.67,54.1,0.06,,,
3.7,53.5,0.04,,,
3.73,52.4,0.02,,,
3.76,51.3,0.01,,,
3.78,51.1,0.02,,,
3.81,51.1,0.03,,,
3.87,51.2,0.02,,,
3.9,51.2,0.02,,,
3.93,51.6,0.03,,,
3.97,52.1,0.01,,,
4.05,51.9,0,,,
4.1,51.8,0.01,,,
4.16,52.2,0,,,
4.23,53.9,0,,,
4.3,57.1,0,,,
4.45,60.9,0,,,
4.52,63.5,0,,,
4.59,65.7,0,,,
4.65,67.3,0,,,
4.7,70.6,0,,,
4.74,71.1,0,,,
4.8,70.1,0,,,
4.82,67.4,0,,,
4.84,65.4,0,,,
4.85,61.2,0,,,
4.86,59.3,0,,,
4.86,59.6,0,,,
4.86,59.4,0,,,
4.86,59.1,0,,,
4.84,58.1,0,,,
4.83,57.8,0,,,
4.82,58.4,0,,,
4.8,60.8,0,,,
4.77,64.7,0,,,
4.76,70.5,0,,,
4.74,72,0,,,
4.73,74.6,0,,,
4.71,76.9,0,,,
4.67,79.1,0,,,
4.65,79,0,,,
4.63,77.3,0,,,
4.61,79.9,0,,,
4.59,77,0,,,
4.57,69.7,0,,,
4.55,66.4,0,,,
4.53,65,0,,,
4.5,64.1,0,,,
4.48,63.1,0,,,
4.46,61.8,0,,,
4.44,61.1,0,,,
4.4,59.9,0,,,
4.39,59.2,0,,,
4.37,61,0,,,
4.35,65,0,,,
4.33,67.7,0,,,
4.3,66.1,0,,,
4.28,67,0,,,
4.26,69.2,0,,,
4.25,66.6,0.01,,,
4.23,64.9,0.01,,,
4.2,64.5,0,,,
4.19,63,0.03,,,
4.18,62.7,0.03,,,
4.17,61.8,0,,,
4.16,60.9,0,,,
4.15,60.6,0,,,
4.13,60.6,0,,,
4.12,60.5,0,,,
4.12,60.1,0,,,
4.11,60,0,,,
4.11,59.6,0,,,
4.11,59.2,0,,,
4.11,59.4,0,,,
4.11,61.8,0,,,
4.12,68.2,0,,,
4.14,69.4,0,,,
4.18,71.6,0,,,
4.21,73.3,0,,,
4.23,74.3,0,,,
4.26,75.9,0,,,
4.34,77.8,0,,,
4.35,75.6,0,,,
4.36,70.2,0,,,
4.38,64.7,0,,,
4.38,61,0,,,
4.37,59.5,0,,,
4.37,56.7,0,,,
4.36,56.5,0,,,
4.35,54.4,0,,,
4.33,53,0,,,
4.32,52.3,0,,,
4.31,55.7,0,,,
4.3,62.6,0,,,
4.27,69.2,0,,,
4.26,72.1,0,,,
4.24,73,0,,,
4.23,76.4,0,,,
4.21,77.4,0,,,
4.17,77.6,0,,,
4.16,78.5,0,,,
4.13,81,0,,,
4.12,78.9,0,,,
4.1,71.6,0,,,
4.07,66.6,0,,,
4.06,63,0,,,
4.04,60.5,0,,,
4.03,58.4,0,,,
4.02,56.2,0,,,
3.99,54.9,0,,,
3.98,54.6,0,,,
3.97,54.5,0,,,
3.95,58.4,0,,,
3.94,62.1,0,,,
3.92,69.8,0,,,
3.91,77.5,0,,,
3.9,77.8,0,,,
3.89,79.2,0,,,
3.87,80,0,,,
3.85,77.1,0,,,
3.84,74.9,0,,,
3.83,71.2,0,,,
3.83,68.6,0,,,
3.82,66.4,0,,,
3.81,63.6,0,,,
3.8,62.4,0,,,
3.8,59.9,0,,,
3.79,57.8,0,,,
3.79,56.9,0,,,
3.78,56.8,0,,,
3.78,57.3,0,,,
3.77,57.8,0,,,
3.77,59.8,0,,,
3.77,66.3,0,,,
3.76,70.6,0,,,
3.75,73.3,0,,,
3.75,76.9,0,,,
3.74,77.9,0,,,
3.73,78.8,0,,,
3.73,79.3,0,,,
3.71,80.6,0,,,
3.71,81.9,0,,,
3.7,80,0,,,
3.69,75.9,0,,,
3.69,71.7,0,,,
3.67,67.7,0,,,
3.67,68.5,0,,,
3.69,66,0,,,
3.75,64.3,0,,,
3.81,61.6,0,,,
3.86,60.1,0,,,
3.85,59.5,0,,,
3.83,60.8,0,,,
3.8,66,0,,,
3.77,70.7,0,,,
3.74,78.6,0,,,
3.72,78.5,0,,,
3.67,81.1,0,,,
3.64,82.3,0,,,
3.62,84.5,0,,,
3.61,84.8,0,,,
3.59,83.5,0,,,
3.56,84.9,0,,,
3.55,76.8,0,,,
3.54,71.1,0,,,
3.54,68.6,0,,,
3.53,66.1,0,,,
3.51,64,0,,,
3.51,62.2,0,,,
3.5,61.1,0,,,
3.49,60.2,0,,,
3.48,59.7,0,,,
3.47,60.6,0,,,
3.46,64.8,0,,,
3.45,69.9,0,,,
3.44,78.1,0,,,
3.43,81.4,0,,,
3.43,83.4,0,,,
3.41,81.8,0,,,
3.41,80.8,0,,,
3.41,77.2,0,,,
3.4,78.9,0,,,
3.4,74,0,,,
3.39,71.5,0,,,
3.38,68.5,0,,,
3.38,67.4,0.02,,,
3.39,66.5,0.04,,,
3.39,66.5,0,,,
3.38,66.3,0,,,
3.38,66.6,0,,,
3.37,66.8,0,,,
3.37,66.6,0,,,
3.36,67.1,0,,,
3.36,67.7,0,,,
3.35,68.9,0,,,
3.35,72.2,0,,,
3.35,75.4,0,,,
3.35,76,0,,,
3.34,78.4,0,,,
3.34,76.6,0,,,
3.33,77.3,0,,,
3.33,75.1,0,,,
3.32,74.5,0,,,
3.31,71.9,0,,,
3.31,68.4,0,,,
3.31,65.2,0,,,
3.31,63.2,0,,,
3.31,61,0,,,
3.31,58.8,0,,,
3.32,57.4,0,,,
3.34,56,0,,,
3.35,53.9,0,,,
3.35,53.5,0,,,
3.35,56.7,0,,,
3.34,61.5,0,,,
3.34,66.9,0,,,
3.33,70.9,0,,,
3.32,72.8,0,,,
3.32,72.6,0,,,
3.31,71.4,0,,,
3.3,74.8,0,,,
3.3,75.5,0,,,
3.3,71.7,0,,,
3.3,70.7,0,,,
3.29,67.4,0,,,
3.29,63.9,0,,,
3.29,62.3,0,,,
3.29,61.3,0,,,
3.28,60.6,0,,,
3.28,60.3,0,,,
3.28,60.5,0,,,
3.27,59.8,0,,,
3.27,58.5,0,,,
3.27,61.5,0,,,
3.26,65.4,0,,,
3.26,70.2,0,,,
3.25,74,0,,,
3.25,75.6,0,,,
3.25,77.9,0,,,
3.24,77.8,0,,,
3.24,79.9,0,,,
3.24,81.1,0,,,
3.24,82.8,0,,,
3.24,81,0,,,
3.23,74.7,0,,,
3.23,71.6,0,,,
3.23,70.1,0,,,
3.23,67.5,0,,,
3.23,65,0,,,
3.23,63.6,0,,,
3.23,61.9,0,,,
3.23,59.2,0,,,
3.22,60.2,0,,,
3.22,62.4,0,,,
3.21,68.1,0,,,
3.21,73.3,0,,,
3.21,77,0,,,
3.21,80.2,0,,,
3.2,81.9,0,,,
3.2,83.4,0,,,
3.19,84.9,0,,,
3.19,84.3,0,,,
3.18,85.7,0,,,
3.18,80.7,0,,,
3.18,74.7,0,,,
3.18,72.7,0,,,
3.17,70.1,0,,,
3.17,69,0,,,
3.17,68.4,0,,,
3.17,68.1,0,,,
3.17,65.9,0,,,
3.17,65.8,0,,,
3.16,64.8,0,,,
3.16,68.1,0,,,
3.16,71.7,0,,,
3.15,76.4,0,,,
3.15,79.8,0,,,
3.15,83.4,0,,,
3.15,85.2,0,,,
3.14,86.4,0,,,
3.14,87,0,,,
3.14,86.6,0,,,
3.14,86,0,,,
3.13,82.9,0,,,
3.13,77.4,0,,,
3.13,74.8,0,,,
3.13,72.8,0,,,
3.12,69.1,0,,,
3.12,67.1,0,,,
3.12,62.7,0,,,
3.12,60,0,,,
3.11,55.8,0,,,
3.11,57.7,0,,,
3.11,61,0,,,
3.1,67.8,0,,,
3.1,72.6,0,,,
3.1,78.8,0,,,
3.1,79.3,0,,,
3.09,81.3,0,,,
3.09,81.9,0,,,
3.09,84.3,0,,,
3.08,85.3,0,,,
3.08,87.9,0,,,
3.08,76.5,0,,,
3.07,69.9,0,,,
3.07,67.3,0,,,
3.07,65.2,0,,,
3.07,63,0,,,
3.07,61.3,0,,,
3.07,59.5,0,,,
3.07,58,0,,,
3.06,56.9,0,,,
3.06,56.2,0,,,
3.06,59.5,0,,,
3.06,67.7,0,,,
3.06,76.1,0,,,
3.05,80.2,0,,,
3.05,80.9,0,,,
3.04,81.8,0,,,
3.04,81.3,0,,,
3.04,80.2,0,,,
3.04,78.3,0,,,
3.04,78.9,0,,,
3.03,74.7,0,,,
3.04,71.7,0,,,
3.03,69.5,0,,,
3.03,67.6,0,,,
3.03,67,0,,,
3.03,66.5,0,,,
3.03,65.9,0,,,
3.03,65.6,0,,,
3.02,65.4,0,,,
3.02,65.7,0,,,
3.03,66,0.33,,,
3.03,66.2,0,,,
3.03,66.6,0.01,,,
3.03,67.3,0.09,,,
3.04,60.1,0.07,,,
3.03,61.7,0.01,,,
3.03,65.5,0,,,
3.03,68.7,0,,,
3.03,71,0,,,
3.02,73.6,0,,,
3.02,68.6,0,,,
3.02,64.4,0,,,
3.02,62.2,0,,,
3.02,59.3,0,,,
3.01,59.1,0,,,
3.01,56.7,0,,,
3.01,53.9,0,,,
3.01,52.8,0,,,
3.01,50.5,0,,,
3,51.1,0,,,
3,55.1,0,,,
3,59.3,0,,,
3,62.4,0,,,
3,64.8,0,,,
3,68,0,,,
2.99,70.1,0,,,
2.99,72.2,0,,,
2.99,73.2,0,,,
2.98,74.1,0,,,
2.98,75.2,0,,,
2.98,70.7,0,,,
2.97,67.4,0,,,
2.97,64.2,0,,,
2.97,62.9,0,,,
2.97,60.7,0,,,
2.97,56.1,0,,,
2.97,52.8,0,,,
2.97,51.4,0,,,
2.97,50,0,,,
2.97,51.2,0,,,
2.96,56.3,0,,,
2.96,64.1,0,,,
2.96,68.9,0,,,
2.96,72.2,0,,,
2.96,72.6,0,,,
2.96,74.9,0,,,
2.95,77.1,0,,,
2.95,78.2,0,,,
2.95,76.1,0,,,
2.95,73.4,0,,,
2.94,67.8,0,,,
2.94,64.3,0,,,
2.94,63.1,0,,,
2.94,61.8,0,,,
2.94,60.1,0,,,
2.94,60.1,0,,,
2.94,59.8,0,,,
2.94,60.3,0,,,
2.93,61,0,,,
2.93,62.5,0,,,
2.93,64.9,0,,,
2.93,67.5,0,,,
2.93,67.6,0,,,
2.93,65.7,0.03,,,
2.93,66.1,0,,,
2.93,64.9,0,,,
2.93,63.4,0,,,
2.93,64.2,0,,,
2.93,64.1,0,,,
2.93,64.1,0,,,
2.93,63.1,0,,,
2.92,62.5,0,,,
2.93,62.2,0,,,
2.93,62.1,0,,,
2.93,62,0,,,
2.92,61.8,0,,,
2.92,61.6,0,,,
2.92,61.7,0,,,
2.92,61.8,0,,,
2.92,62.4,0,,,
2.92,64.1,0,,,
2.92,65.9,0,,,
2.92,69.4,0,,,
2.92,71.6,0,,,
2.92,71.4,0,,,
2.92,74.2,0,,,
2.92,78.4,0,,,
2.92,77.1,0.01,,,
2.92,72.2,0,,,
2.92,71.3,0,,,
2.92,70.1,0,,,
2.92,68.8,0,,,
2.92,68,0,,,
2.92,65.9,0.01,,,
2.92,64.1,0.01,,,
2.92,64,0,,,
2.92,63.1,0,,,
2.92,63.2,0,,,
2.92,63.2,0.09,,,
2.96,63.2,0.05,,,
2.95,64.6,0,,,
2.96,66.2,0,,,
2.96,69.2,0,,,
2.96,72,0,,,
2.96,76.3,0,,,
2.97,79.7,0,,,
2.97,83.7,0,,,
2.97,85,0,,,
2.97,83.8,0,,,
2.97,88.7,0,,,
2.97,79.6,0,,,
2.97,72.4,0,,,
2.97,68.1,0,,,
2.97,65.6,0,,,
2.98,65.8,0,,,
2.98,65.9,0,,,
2.98,64.9,0,,,
2.98,63.9,0,,,
2.99,64.1,0,,,
2.99,64.3,0,,,
2.99,65.7,0,,,
2.99,67.5,0,,,
3,69.7,0,,,
3,71.7,0,,,
3.01,72.1,0,,,
3.01,76.1,0,,,
3.02,78.1,0,,,
3.02,77,0,,,
3.03,71.9,0,,,
3.03,70.3,0,,,
3.04,67.8,0,,,
3.05,65.5,0.02,,,
3.05,64.5,0,,,
3.05,64.2,0,,,
3.05,63.1,0.02,,,
3.06,62.9,0,,,
3.06,62.7,0.01,,,
3.06,62.5,0,,,
3.06,62.8,0,,,
3.05,63,0,,,
3.05,63.6,0,,,
3.05,67.9,0,,,
3.05,71.4,0,,,
3.05,72.3,0,,,
3.04,74.3,0,,,
3.04,76.1,0,,,
3.03,77.6,0,,,
3.03,78.6,0,,,
3.02,76.3,0,,,
3.02,73.8,0,,,
3.01,71.6,0,,,
3,67.7,0,,,
3,65.4,0,,,
3,63.3,0,,,
3,61.8,0,,,
2.99,58.6,0,,,
2.99,57.1,0,,,
2.99,56.6,0,,,
2.99,56.2,0,,,
2.99,56.4,0,,,
2.99,60.1,0,,,
2.98,66.3,0,,,
2.98,70,0,,,
2.98,70,0,,,
2.98,72.8,0,,,
2.97,73.4,0,,,
2.97,73.9,0,,,
2.97,73.2,0,,,
2.97,68.3,0,,,
2.96,71.8,0,,,
2.96,65.6,0.02,,,
2.96,65.6,0,,,
2.96,62.9,0,,,
2.95,61.8,0,,,
2.95,61.3,0,,,
2.95,58.9,0,,,
2.95,58.2,0,,,
2.95,59.1,0,,,
2.95,57.9,0,,,
2.94,57.5,0,,,
2.94,60,0,,,
2.94,63.4,0,,,
2.94,66.4,0,,,
2.94,71,0,,,
2.94,72.3,0.01,,,
2.94,68.1,0,,,
2.94,65.7,0,,,
2.94,69.1,0,,,
2.94,70.4,0,,,
2.93,72.2,0,,,
2.93,68.3,0,,,
2.93,64.2,0,,,
2.93,62.8,0,,,
2.93,62.4,0,,,
2.93,61.7,0.01,,,
2.93,60.8,0,,,
2.93,60.6,0,,,
2.93,59.6,0,,,
2.93,59.1,0,,,
2.93,58.2,0,,,
2.93,58.1,0,,,
2.93,60.5,0,,,
2.92,60.5,0,,,
2.92,64.9,0,,,
2.92,66.6,0,,,
2.92,70,0,,,
2.92,67.2,0,,,
2.92,72.4,0,,,
2.92,68.7,0,,,
2.92,73,0,,,
2.92,68.8,0,,,
2.92,63.8,0,,,
2.92,61.2,0,,,
2.93,58.6,0,,,
2.93,56.8,0,,,
2.93,56.1,0,,,
2.94,55.7,0,,,
2.94,54,0,,,
2.95,53.2,0,,,
2.96,53.1,0,,,
2.97,55.1,0,,,
2.98,56.6,0,,,
2.99,58.4,0,,,
3,59.9,0,,,
3.02,61.4,0.01,,,
3.03,63.1,0,,,
3.04,63,0,,,
3.05,62.9,0,,,
3.06,62.3,0.01,,,
3.08,62.1,0,,,
3.08,62.4,0,,,
3.09,62.1,0.01,,,
3.09,61.9,0,,,
3.1,61.8,0,,,
3.1,61.7,0.01,,,
3.1,61.3,0,,,
3.1,61.3,0,,,
3.1,61.4,0,,,
3.1,61.4,0,,,
3.09,61.6,0,,,
3.09,62.3,0,,,
3.09,63.7,0,,,
3.08,66.7,0,,,
3.07,69.5,0,,,
3.07,71.1,0,,,
3.07,73.8,0,,,
3.07,76.1,0,,,
3.06,78.8,0,,,
3.05,78.7,0,,,
3.05,80.1,0,,,
3.05,77.5,0,,,
3.05,71.9,0,,,
3.04,68.6,0,,,
3.04,67,0,,,
3.04,65.8,0.01,,,
3.04,64.8,0,,,
3.04,63.8,0,,,
3.04,64.1,0,,,
3.03,64.1,0,,,
3.04,64.3,0.05,,,
3.04,65,0.01,,,
3.04,65.5,0,,,
3.04,67.5,0,,,
3.04,72.3,0,,,
3.04,78.2,0,,,
3.04,80.5,0,,,
3.04,84.1,0,,,
3.04,74.8,0.17,,,
3.07,71.7,0,,,
3.07,73.7,0,,,
3.07,75.5,0,,,
3.07,69.1,0,,,
3.07,66.6,0,,,
3.07,65.1,0,,,
3.07,63.9,0,,,
3.07,62.7,0,,,
3.07,62.4,0.01,,,
3.07,61.7,0,,,
3.07,62.4,0,,,
3.07,61.3,0,,,
3.07,61.9,0,,,
3.07,64.8,0,,,
3.07,68.4,0,,,
3.08,75.2,0,,,
3.09,78.2,0,,,
3.1,81.5,0,,,
3.14,83.7,0,,,
3.16,83.9,0,,,
3.19,85.8,0,,,
3.21,86.9,0,,,
3.24,87.8,0,,,
3.28,83.2,0,,,
3.29,76.6,0,,,
3.3,74,0,,,
3.31,71.6,0,,,
3.31,69.4,0,,,
3.32,67.5,0,,,
3.32,66.5,0,,,
3.31,65.5,0,,,
3.31,64.7,0,,,
3.31,64.1,0,,,
3.3,66.5,0,,,
3.29,72.2,0,,,
3.29,78.8,0,,,
3.28,82.8,0,,,
3.27,85.6,0,,,
3.26,87.2,0,,,
3.26,87.7,0,,,
3.25,87.4,0,,,
3.24,83.1,0,,,
3.24,79.1,0,,,
3.23,76.5,0,,,
3.22,74.1,0,,,
3.22,71.7,0.01,,,
3.23,70.3,0.17,,,
3.24,69.8,0,,,
3.23,69.1,0,,,
3.23,69.1,0,,,
3.22,68.9,0,,,
3.22,67.6,0,,,
3.22,66.9,0.01,,,
3.21,68.1,0,,,
3.21,69.3,0,,,
3.21,74.5,0,,,
3.2,78.2,0,,,
3.2,79.8,0,,,
3.2,81.2,0,,,
3.19,81.9,0,,,
3.19,82.4,0,,,
3.18,83.3,0,,,
3.18,83.3,0,,,
3.17,82.4,0,,,
3.17,76.8,0,,,
3.17,72.8,0,,,
3.16,69.5,0,,,
3.15,66.8,0,,,
3.15,65.4,0,,,
3.15,63.4,0,,,
3.15,62.3,0,,,
3.14,61.3,0,,,
3.14,60.5,0,,,
3.14,62.7,0,,,
3.14,68.4,0,,,
3.13,73.8,0,,,
3.13,79.9,0,,,
3.13,83.1,0,,,
3.13,83,0,,,
3.13,82.7,0,,,
3.12,81.7,0,,,
3.12,74,0,,,
3.12,78.6,0,,,
3.11,81,0,,,
3.11,73.9,0,,,
3.11,70.2,0,,,
3.11,67.5,0,,,
3.1,65.5,0,,,
3.1,62.5,0,,,
3.09,60.8,0,,,
3.09,59.4,0,,,
3.08,58.6,0,,,
3.08,58.2,0,,,
3.08,59.5,0,,,
3.07,63.5,0,,,
3.07,68.5,0,,,
3.07,72.6,0,,,
3.06,76.3,0,,,
3.05,79.3,0,,,
3.05,80.3,0,,,
3.05,81.7,0,,,
3.04,82.4,0,,,
3.04,80.8,0,,,
3.03,83.4,0,,,
3.03,73.9,0,,,
3.02,69,0,,,
3.02,66.4,0,,,
3.02,65,0,,,
3.01,63.4,0,,,
3.01,61.7,0,,,
3.01,62,0,,,
3.01,61.5,0,,,
3,61.9,0,,,
3,63.5,0,,,
3,67,0,,,
3,71.8,0,,,
3,78.6,0,,,
2.99,81.7,0,,,
2.99,84.4,0,,,
2.99,85,0,,,
2.98,84.4,0,,,
2.98,83.6,0,,,
2.98,82.2,0,,,
2.97,82.4,0,,,
2.97,74,0,,,
2.97,70.7,0,,,
2.97,69.7,0,,,
2.96,68.3,0,,,
2.96,67.7,0,,,
2.96,66.9,0.04,,,
2.96,66.4,0,,,
2.96,65.8,0,,,
2.96,65,0,,,
2.96,64.3,0,,,
2.95,65.5,0,,,
2.95,67.5,0,,,
2.95,70.7,0,,,
2.95,70.5,0,,,
2.95,71.9,0,,,
2.95,77.5,0,,,
2.95,80.5,0,,,
2.95,83.5,0,,,
2.94,83.2,0,,,
2.94,72.1,0.02,,,
2.96,65.2,0.19,,,
2.96,65,0,,,
2.96,63,0,,,
2.96,61.9,0,,,
2.97,61.7,0,,,
2.97,61.1,0,,,
2.97,61,0,,,
2.97,61,0,,,
2.98,59.5,0.01,,,
2.98,59.2,0,,,
2.98,59.1,0,,,
2.98,61.4,0,,,
2.99,64.7,0,,,
2.99,71.2,0,,,
2.98,73.5,0,,,
2.98,75.9,0,,,
2.98,76.4,0,,,
2.98,76.9,0,,,
2.98,77.7,0,,,
2.98,65.1,0.49,,,
3.02,72.2,0,,,
3,67.4,0,,,
3,64.3,0,,,
2.99,62.2,0,,,
2.99,60.4,0,,,
2.99,58.9,0,,,
2.98,57.5,0,,,
2.98,55.8,0,,,
2.98,54.7,0,,,
2.98,54.1,0,,,
2.98,55,0,,,
2.99,58.9,0,,,
2.99,63.5,0,,,
2.99,67.3,0,,,
3,69.7,0,,,
3,72.1,0,,,
3,71.7,0,,,
3,74.6,0,,,
3,69.4,0.01,,,
3.01,73.2,0,,,
3.01,73.4,0,,,
3.01,70.8,0,,,
3.01,66.1,0,,,
3,63,0,,,
3,63.6,0,,,
3,61.7,0,,,
3,59.3,0,,,
3,58.1,0,,,
3,57.7,0,,,
3,55.7,0,,,
3,54.3,0,,,
2.99,58.1,0,,,
2.99,62.8,0,,,
2.99,68.5,0,,,
2.99,70.5,0,,,
2.98,72.9,0,,,
2.98,74.4,0,,,
2.98,76,0,,,
2.97,75.8,0,,,
2.97,73.4,0,,,
2.97,78.1,0,,,
2.97,74,0,,,
2.96,70.7,0,,,
2.96,65.5,0,,,
2.96,62.6,0,,,
2.95,60.4,0,,,
2.95,59.3,0,,,
2.95,58.9,0,,,
2.95,57.4,0,,,
2.95,55.6,0,,,
2.94,55,0,,,
2.94,57.5,0,,,
2.94,62,0,,,
2.94,67.5,0,,,
2.94,74.2,0,,,
2.93,76.1,0,,,
2.93,77.9,0,,,
2.93,78.5,0,,,
2.92,82.1,0,,,
2.92,81.8,0,,,
2.92,83.3,0,,,
2.92,82.8,0,,,
2.91,73.1,0,,,
2.91,68.7,0,,,
2.91,66.2,0,,,
2.91,65.2,0,,,
2.91,65.3,0,,,
2.9,64.3,0,,,
2.9,62.6,0,,,
2.9,61,0,,,
2.9,60,0,,,
2.89,60.4,0,,,
2.89,62.2,0,,,
2.89,65.7,0,,,
2.89,67.5,0,,,
2.88,70.3,0,,,
2.89,72.7,0,,,
2.88,75.6,0,,,
2.88,74.3,0,,,
2.87,73.4,0,,,
2.87,74.2,0,,,
2.87,72.4,0,,,
2.87,66.3,0,,,
2.87,63.2,0,,,
2.86,61.2,0,,,
2.86,60.1,0,,,
2.86,58.2,0,,,
2.86,57.1,0,,,
2.86,55.6,0,,,
2.86,54.1,0,,,
2.86,53.3,0,,,
2.85,54.7,0,,,
2.85,59,0,,,
2.85,66,0,,,
2.85,70.1,0,,,
2.85,75.3,0,,,
2.85,76.9,0,,,
2.85,79.8,0,,,
2.84,81,0,,,
2.84,79.6,0,,,
2.84,78.6,0,,,
2.84,72.9,0,,,
2.84,68.2,0,,,
2.84,66,0,,,
2.83,65.2,0,,,
2.83,64.8,0,,,
2.83,64.6,0,,,
2.83,63.1,0,,,
2.83,61.7,0,,,
2.83,61,0,,,
2.83,60.3,0,,,
2.83,61.7,0,,,
2.83,66.1,0,,,
2.83,68.4,0,,,
2.83,71.6,0,,,
2.83,72.2,0,,,
2.82,71.7,0,,,
2.82,68,0,,,
2.82,65,0.02,,,
2.83,62,0.09,,,
2.84,60.8,0.05,,,
2.84,60.8,0.04,,,
2.85,61.1,0.05,,,
2.85,61.7,0.05,,,
2.86,62.4,0.01,,,
2.86,64.3,0.06,,,
2.87,64.9,0.07,,,
2.91,64.6,0.09,,,
2.98,65.5,0.46,,,
3.08,65.5,0.06,,,
3.12,66,0,,,
3.16,66.2,0.01,,,
3.19,66.6,0,,,
3.21,67,0,,,
3.21,67.8,0,,,
3.2,68.1,0,,,
3.2,69.8,0,,,
3.2,73.6,0,,,
3.19,75.8,0,,,
3.18,76.8,0,,,
3.18,79.6,0,,,
3.18,79.7,0,,,
3.18,71.9,0,,,
3.18,69.6,0,,,
3.2,68.1,0,,,
3.29,66.9,0,,,
3.36,65.3,0,,,
3.42,63.6,0,,,
3.48,62.3,0,,,
3.52,60.6,0,,,
3.58,59.7,0,,,
3.6,59.6,0,,,
3.61,61.8,0,,,
3.62,68.4,0,,,
3.61,72.1,0,,,
3.6,75.3,0,,,
3.59,75.8,0,,,
3.58,77.3,0,,,
3.57,78.6,0,,,
3.56,79.4,0,,,
3.55,76.5,0,,,
3.54,75.8,0,,,
3.53,69.2,0,,,
3.53,66.3,0,,,
3.53,66.3,0,,,
3.52,63.6,0,,,
3.52,62.2,0,,,
3.51,60.6,0,,,
3.51,59.6,0,,,
3.5,58.8,0,,,
3.49,57.6,0,,,
3.49,57.8,0,,,
3.48,60.7,0,,,
3.48,67.5,0,,,
3.47,74.1,0,,,
3.46,78.7,0,,,
3.45,79.7,0,,,
3.44,81,0,,,
3.42,81.5,0,,,
3.42,81.5,0,,,
3.4,79.1,0,,,
3.4,77.6,0,,,
3.39,70.3,0,,,
3.38,68.1,0,,,
3.38,66.5,0,,,
3.36,65.8,0,,,
3.35,64.8,0,,,
3.35,63.7,0,,,
3.34,62.8,0,,,
3.33,62.3,0,,,
3.32,63.2,0,,,
3.31,64,0,,,
3.3,66.3,0,,,
3.3,71.8,0,,,
3.29,76.7,0,,,
3.27,80.9,0,,,
3.27,84.2,0,,,
3.26,82.5,0,,,
3.25,84.4,0,,,
3.25,82.9,0,,,
3.23,82.9,0,,,
3.22,81.8,0,,,
3.22,75.1,0,,,
3.21,72.1,0,,,
3.2,69.6,0,,,
3.19,67.8,0,,,
3.19,66.8,0,,,
3.18,66.9,0,,,
3.18,66,0,,,
3.17,65.1,0,,,
3.16,64,0,,,
3.15,64.3,0,,,
3.15,68.2,0,,,
3.14,74,0,,,
3.14,79.4,0,,,
3.13,82.9,0,,,
3.12,83.2,0,,,
3.12,85.7,0,,,
3.11,86.7,0,,,
3.11,86.7,0,,,
3.1,87.2,0,,,
3.09,87.9,0,,,
3.09,78.3,0,,,
3.08,73.8,0,,,
3.08,71.4,0,,,
3.07,70.3,0,,,
3.07,68.9,0,,,
3.06,67.8,0,,,
3.06,67.1,0,,,
3.05,66.2,0,,,
3.05,65.2,0,,,
3.04,66.1,0,,,
3.04,69.1,0,,,
3.04,75.1,0,,,
3.03,80.5,0,,,
3.03,84.8,0,,,
3.03,86.7,0,,,
3.02,88.2,0,,,
3.02,88.9,0,,,
3.02,89.3,0,,,
3.01,89.1,0,,,
3.01,90.1,0,,,
3,79.5,0,,,
3,75.4,0,,,
3,73.6,0,,,
2.99,72.6,0,,,
2.99,71.5,0,,,
2.99,69.7,0,,,
2.98,68.2,0,,,
2.98,67.3,0,,,
2.98,66.5,0,,,
2.98,65.8,0,,,
2.97,67.1,0,,,
2.97,72.6,0,,,
2.97,80.9,0,,,
2.96,84.7,0,,,
2.96,88.4,0,,,
2.96,87.9,0,,,
2.95,90,0,,,
2.95,89.7,0,,,
2.95,91.3,0,,,
2.94,88.4,0,,,
2.94,80.6,0,,,
2.94,76.2,0,,,
2.93,73.7,0,,,
2.93,72.3,0,,,
2.93,69.8,0,,,
2.93,68.5,0,,,
2.92,67.4,0,,,
2.92,66.9,0,,,
2.92,67,0,,,
2.92,67.2,0,,,
2.91,68.5,0,,,
2.91,70.3,0,,,
2.91,74.3,0,,,
2.91,80.1,0,,,
2.9,83.6,0,,,
2.9,85.1,0,,,
2.9,87.6,0,,,
2.9,87.9,0,,,
2.89,86.8,0,,,
2.89,82.1,0,,,
2.89,82.3,0,,,
2.89,74.4,0,,,
2.88,72.3,0,,,
2.88,70.5,0,,,
2.88,69.5,0,,,
2.88,69.1,0,,,
2.88,68.5,0,,,
2.87,68.8,0,,,
2.87,68.6,0,,,
2.87,68.3,0,,,
2.87,68.7,0,,,
2.86,70.1,0,,,
2.86,73.2,0,,,
2.86,74.8,0,,,
2.86,77.8,0,,,
2.85,81.7,0,,,
2.85,82.5,0,,,
2.85,81.8,0,,,
2.85,83.5,0,,,
2.85,82,0,,,
2.85,76.3,0,,,
2.84,74,0,,,
2.85,72,0,,,
2.85,70.5,0,,,
2.85,68.7,0,,,
2.84,67.6,0,,,
2.84,67.3,0,,,
2.84,67.3,0,,,
2.84,67.3,0,,,
2.84,67.7,0,,,
2.84,68.1,0,,,
2.84,69,0,,,
2.84,71.1,0,,,
2.83,75.2,0,,,
2.83,78.6,0,,,
2.83,80.4,0,,,
2.83,80.8,0,,,
2.83,82.1,0,,,
2.83,81.1,0,,,
2.83,78.2,0,,,
2.83,75.9,0,,,
2.83,74.4,0,,,
2.83,73.6,0,,,
2.83,72.8,0,,,
2.83,72.3,0,,,
2.83,71.3,0.01,,,
2.83,70.3,0.28,,,
2.92,64.8,0.21,,,
2.91,64.5,0.05,,,
2.9,64.5,0.02,,,
2.9,64.1,0.03,,,
2.89,64.1,0.02,,,
2.88,65.7,0,,,
2.88,66.2,0,,,
2.88,67.6,0,,,
2.88,70.4,0,,,
2.87,73.6,0,,,
2.87,75.4,0,,,
2.87,77.4,0,,,
2.86,76.1,0,,,
2.86,75.8,0,,,
2.86,74.7,0,,,
2.85,71.7,0,,,
2.85,68.7,0,,,
2.85,67.7,0,,,
2.85,67.3,0,,,
2.84,67.7,0,,,
2.84,67.3,0,,,
2.84,67.3,0,,,
2.84,67,0,,,
2.84,66.1,0,,,
2.84,66.5,0,,,
2.84,69,0,,,
2.84,71,0,,,
2.84,71.5,0,,,
2.84,71.2,0,,,
2.84,77.6,0,,,
2.85,80.3,0,,,
2.85,82.8,0,,,
2.85,79.2,0,,,
2.86,76.2,0,,,
2.87,74.2,0,,,
2.87,71.9,0,,,
2.88,71.3,0,,,
2.88,71.4,0,,,
2.89,71.1,0,,,
2.9,70.2,0,,,
2.91,70,0,,,
2.91,69.6,0,,,
2.92,69.6,0,,,
2.93,69.7,0,,,
2.94,70.6,0,,,
2.94,72.2,0,,,
2.95,75.3,0,,,
2.95,77.7,0,,,
2.96,79.5,0,,,
2.97,82.3,0,,,
2.98,83.7,0,,,
2.98,78.2,0.09,,,
2.99,79.2,0,,,
3,82.1,0,,,
3.01,75.2,0,,,
3.01,71.5,0,,,
3.02,69.6,0,,,
3.02,68.7,0,,,
3.02,68.1,0,,,
3.03,68.9,0,,,
3.03,69.1,0,,,
3.03,67.1,0,,,
3.04,67,0,,,
3.05,67.1,0,,,
3.06,67.4,0,,,
3.11,69.2,0,,,
3.13,71.8,0,,,
3.17,77,0,,,
3.2,79.5,0,,,
3.23,78.2,0,,,
3.28,77.5,0.02,,,
3.29,76.3,0.01,,,
3.3,74.7,0,,,
3.31,77.2,0,,,
3.31,73,0,,,
3.31,70.3,0,,,
3.3,69.6,0,,,
3.3,69.1,0,,,
3.29,67.7,0.01,,,
3.28,67.1,0,,,
3.26,67.2,0,,,
3.25,67.3,0,,,
3.24,66.7,0.01,,,
3.23,66.3,0,,,
3.22,66.3,0.01,,,
3.21,67.1,0,,,
3.21,68.1,0,,,
3.2,70.2,0,,,
3.19,74.3,0,,,
3.19,76.2,0,,,
3.17,78.2,0,,,
3.17,77.3,0,,,
3.16,75.7,0,,,
3.16,72.9,0,,,
3.15,71.3,0,,,
3.16,67.2,0.04,,,
3.15,65.3,0,,,
3.15,64.5,0.01,,,
3.15,64.7,0,,,
3.15,65.1,0,,,
3.15,64.4,0,,,
3.16,63.5,0,,,
3.16,61.7,0,,,
3.19,60.4,0,,,
3.24,60.4,0,,,
3.53,64.6,0,,,
3.76,67.8,0,,,
3.99,71.2,0,,,
4.2,72.1,0,,,
4.36,74.6,0,,,
4.49,75.3,0,,,
4.65,74.9,0,,,
4.7,74.7,0,,,
4.74,73.1,0,,,
4.76,68.8,0,,,
4.77,66.3,0,,,
4.78,64.3,0,,,
4.76,61.9,0,,,
4.75,61,0,,,
4.73,59.6,0,,,
4.71,58,0,,,
4.66,57.6,0,,,
4.63,57.4,0,,,
4.59,56.9,0,,,
4.56,57.2,0,,,
4.52,62.5,0,,,
4.45,65.7,0,,,
4.41,68.2,0,,,
4.38,69.8,0,,,
4.34,71.8,0,,,
4.31,74.8,0,,,
4.24,75.7,0,,,
4.21,76.6,0,,,
4.19,77.3,0,,,
4.16,73,0,,,
4.13,67.6,0,,,
4.08,64.9,0,,,
4.06,62.4,0,,,
4.03,60.7,0,,,
4.01,59.3,0,,,
3.96,58.1,0,,,
3.94,57.3,0,,,
3.92,56.1,0,,,
3.9,55.5,0,,,
3.88,56.3,0,,,
3.84,60.4,0,,,
3.82,66.9,0,,,
3.81,71.1,0,,,
3.79,73.9,0,,,
3.77,75.6,0,,,
3.73,76.1,0,,,
3.72,78.3,0,,,
3.7,76.1,0,,,
3.69,74,0,,,
3.67,68.9,0,,,
3.64,66.6,0,,,
3.63,65.7,0,,,
3.62,64.5,0,,,
3.61,63.7,0,,,
3.59,63.2,0,,,
3.57,63,0,,,
3.55,62.5,0,,,
3.54,62.2,0,,,
3.53,62.5,0,,,
3.52,63.3,0,,,
3.5,66.3,0,,,
3.49,69.9,0,,,
3.48,74.3,0,,,
3.47,76.3,0,,,
3.46,77.5,0,,,
3.44,79.1,0,,,
3.43,79,0,,,
3.42,77.6,0,,,
3.41,75.7,0,,,
3.4,73.2,0,,,
3.39,69.8,0,,,
3.39,68,0,,,
3.42,66.5,0,,,
3.47,64.8,0,,,
3.52,63.5,0,,,
3.55,62.4,0,,,
3.54,62.9,0,,,
3.52,62.4,0,,,
3.5,62.3,0,,,
3.47,63.5,0,,,
3.42,67.8,0,,,
3.41,74.4,0,,,
3.38,78.2,0,,,
3.37,79.5,0,,,
3.33,80.1,0,,,
3.32,80.5,0,,,
3.31,80.6,0,,,
3.3,80.3,0,,,
3.28,78.4,0,,,
3.26,74.1,0,,,
3.25,71.9,0,,,
3.25,70,0,,,
3.24,68.6,0,,,
3.23,66.7,0,,,
3.22,64.4,0,,,
3.21,62.5,0,,,
3.21,59.8,0,,,
3.2,59.7,0,,,
3.19,59.7,0,,,
3.19,59.1,0,,,
3.18,61.9,0,,,
3.17,65.9,0,,,
3.16,68.2,0,,,
3.16,70.6,0,,,
3.15,73.2,0,,,
3.15,74.6,0,,,
3.14,75.9,0,,,
3.13,77.1,0,,,
3.13,77.2,0,,,
3.12,73.7,0,,,
3.12,69,0,,,
3.12,65.7,0,,,
3.11,63.4,0,,,
3.11,61.8,0,,,
3.1,61.2,0,,,
3.1,60.5,0,,,
3.1,59.5,0,,,
3.09,58.4,0,,,
3.08,58.2,0,,,
3.08,58.7,0,,,
3.08,62,0,,,
3.07,66.8,0,,,
3.06,73.6,0,,,
3.06,78.8,0,,,
3.06,81.2,0,,,
3.06,82.3,0,,,
3.05,83.6,0,,,
3.05,84.3,0,,,
3.04,84,0,,,
3.04,81.5,0,,,
3.04,76.4,0,,,
3.03,72.9,0,,,
3.03,70.6,0,,,
3.03,68.6,0,,,
3.03,67.1,0,,,
3.03,66,0,,,
3.03,65.2,0,,,
3.02,65.3,0,,,
3.02,65.1,0,,,
3.02,66.2,0,,,
3.02,69.7,0,,,
3.02,74.7,0,,,
3.02,77.8,0,,,
3.01,80.7,0,,,
3.01,82.1,0,,,
3,83.3,0,,,
3,84,0,,,
2.99,84.5,0,,,
2.99,83.5,0,,,
2.99,80.3,0,,,
2.98,73.5,0,,,
2.98,69.7,0,,,
2.98,65.4,0,,,
2.98,62.7,0,,,
2.98,59.7,0,,,
2.98,57.5,0,,,
2.98,55.4,0,,,
2.98,52.7,0,,,
2.98,51.8,0,,,
2.98,50.9,0,,,
2.98,54,0,,,
2.97,60.6,0,,,
2.97,64.7,0,,,
2.97,67.1,0,,,
2.96,69.7,0,,,
2.96,71,0,,,
2.96,72.2,0,,,
2.95,73.2,0,,,
2.95,73.6,0,,,
2.95,68.4,0,,,
2.95,65.4,0,,,
2.94,61.8,0,,,
2.94,58.8,0,,,
2.94,57.2,0,,,
2.94,55,0,,,
2.94,53.3,0,,,
2.94,52,0,,,
2.93,50.6,0,,,
2.93,49.3,0,,,
2.93,49.3,0,,,
2.93,52.5,0,,,
2.93,60.1,0,,,
2.93,68.3,0,,,
2.93,73.6,0,,,
2.92,76.4,0,,,
2.92,78.7,0,,,
2.92,79.5,0,,,
2.92,80.8,0,,,
2.91,80.5,0,,,
2.91,79,0,,,
2.91,70,0,,,
2.91,65.9,0,,,
2.91,63.4,0,,,
2.9,61.4,0,,,
2.9,59.4,0,,,
2.9,58.2,0,,,
2.9,57.4,0,,,
2.9,56.4,0,,,
2.9,55.6,0,,,
2.89,55.5,0,,,
2.89,59.1,0,,,
2.89,65.9,0,,,
2.89,73.5,0,,,
2.89,79.5,0,,,
2.88,81.5,0,,,
2.88,84.5,0,,,
2.88,85.2,0,,,
2.88,85.6,0,,,
2.88,82,0,,,
2.88,78.7,0,,,
2.88,70.1,0,,,
2.88,67.7,0,,,
2.87,66,0,,,
2.87,65.2,0,,,
2.87,64.8,0,,,
2.87,64.1,0,,,
2.87,63.1,0,,,
2.87,62.3,0,,,
2.87,61.9,0,,,
2.87,62,0,,,
2.87,65.1,0,,,
2.87,72.3,0,,,
2.87,81.2,0,,,
2.87,84.4,0,,,
2.87,86.3,0,,,
2.87,88,0,,,
2.86,89.1,0,,,
2.86,89.5,0,,,
2.86,88.6,0,,,
2.86,84.7,0,,,
2.86,80.7,0,,,
2.86,78.5,0,,,
2.86,76.1,0,,,
2.86,75.1,0,,,
2.85,73.6,0,,,
2.85,72.6,0,,,
2.85,72.3,0.01,,,
2.85,71.4,0,,,
2.85,70.4,0,,,
2.84,70.9,0,,,
2.85,72.7,0,,,
2.85,75.3,0,,,
2.84,78.1,0,,,
2.84,80.6,0.01,,,
2.84,82.3,0,,,
2.84,83.1,0,,,
2.84,82.6,0,,,
2.84,83,0,,,
2.84,82.2,0,,,
2.83,81,0,,,
2.83,76.3,0,,,
2.83,72.7,0,,,
2.83,70.9,0,,,
2.83,70.3,0,,,
2.83,68.7,0,,,
2.83,67.3,0,,,
2.82,66.7,0,,,
2.83,66.5,0,,,
2.83,65.8,0,,,
2.83,65,0,,,
2.83,66.8,0,,,
2.83,70.3,0,,,
2.83,71.6,0,,,
2.83,75,0,,,
2.82,77,0,,,
2.82,80.9,0,,,
2.82,84.9,0,,,
2.82,85.3,0,,,
2.82,82.4,0,,,
2.82,80.5,0,,,
2.83,74.6,0,,,
2.84,72.4,0,,,
2.84,71.8,0,,,
2.85,72.1,0,,,
2.86,71.6,0,,,
2.87,71.1,0,,,
2.87,70.8,0,,,
2.88,70.6,0,,,
2.88,69,0,,,
2.89,66.5,0,,,
2.89,67.4,0,,,
2.89,70.3,0,,,
2.89,69.7,0,,,
2.89,70.5,0,,,
2.89,72,0,,,
2.89,73.4,0,,,
2.89,74.7,0,,,
2.88,74.5,0,,,
2.88,73.8,0,,,
2.88,72.7,0,,,
2.87,70.4,0,,,
2.87,69.3,0,,,
2.87,68.6,0,,,
2.87,67.7,0,,,
2.87,66.9,0,,,
2.86,65,0,,,
2.86,63.7,0,,,
2.86,62.1,0,,,
2.86,60.6,0.01,,,
2.87,58.3,0.18,,,
2.88,56.8,0.14,,,
2.89,57.6,0.16,,,
2.91,59.3,0.06,,,
2.91,59.8,0.02,,,
2.91,60.8,0,,,
2.91,60.8,0,,,
2.9,61.4,0,,,
2.9,61.5,0,,,
2.91,61.5,0,,,
2.9,61.6,0,,,
2.9,61.2,0,,,
2.9,59.7,0,,,
2.9,58.3,0,,,
2.9,57.6,0,,,
2.9,56.6,0,,,
2.9,55.7,0,,,
2.9,57.2,0,,,
2.9,56.9,0,,,
2.91,55.9,0,,,
2.91,54.6,0,,,
2.91,56.7,0,,,
2.91,58,0,,,
2.91,61.5,0,,,
2.91,65.4,0,,,
2.92,67.5,0,,,
2.92,70.7,0,,,
2.92,72.8,0,,,
2.92,73.8,0,,,
2.93,74.3,0,,,
2.94,71.8,0,,,
2.95,66.3,0,,,
2.96,62.6,0,,,
2.97,60.3,0,,,
2.97,58.9,0,,,
2.99,58.6,0,,,
2.99,58.3,0,,,
3,57.8,0,,,
3,57.4,0,,,
3,57.3,0.01,,,
3,57.2,0,,,
3,58.7,0,,,
3,62.2,0,,,
3,62.7,0,,,
3,64,0,,,
2.99,66.9,0,,,
2.99,68.9,0,,,
2.98,69,0,,,
2.98,68.2,0,,,
2.98,67.1,0,,,
2.97,64.5,0,,,
2.97,63,0,,,
2.97,61.9,0,,,
2.96,61.3,0.02,,,
2.96,59.9,0.11,,,
2.98,59.4,0.16,,,
3,59.4,0.41,,,
3.01,59.1,0.02,,,
3.01,59.4,0.01,,,
3.01,59.6,0.01,,,
3.01,59.7,0.01,,,
3.01,60.7,0.01,,,
3.01,61.9,0,,,
3.01,62.9,0.01,,,
3.01,66.1,0,,,
3.01,70.8,0,,,
3.01,71.6,0,,,
3.01,71.7,0,,,
3.01,72.6,0,,,
3.01,71.7,0,,,
3.01,69.3,0,,,
3.01,65.2,0,,,
3.01,63.5,0,,,
3.01,61.5,0,,,
3.01,60.9,0,,,
3.02,62,0,,,
3.02,61.3,0,,,
3.03,60.9,0,,,
3.05,61.1,0,,,
3.09,59.9,0,,,
3.12,58.6,0,,,
3.16,61.4,0,,,
3.19,65.5,0,,,
3.22,69,0,,,
3.27,72,0,,,
3.29,75.5,0,,,
3.3,78.1,0,,,
3.31,80.3,0,,,
3.31,80.5,0,,,
3.32,78.4,0,,,
3.32,75.4,0,,,
3.31,71.4,0,,,
3.31,69.9,0,,,
3.31,68,0,,,
3.31,65.2,0,,,
3.3,64,0,,,
3.3,61.1,0,,,
3.3,61.5,0,,,
3.29,60.5,0,,,
3.29,59.5,0,,,
3.27,59.8,0,,,
3.27,61.4,0,,,
3.27,68.5,0,,,
3.26,72.9,0,,,
3.26,76.1,0,,,
3.25,79.2,0,,,
3.24,80.3,0,,,
3.24,81.9,0,,,
3.23,82.8,0,,,
3.23,82.5,0,,,
3.22,81.1,0,,,
3.21,74.1,0,,,
3.21,71.4,0,,,
3.2,68.6,0,,,
3.19,66.8,0,,,
3.19,65.5,0,,,
3.18,64.4,0,,,
3.18,63.2,0,,,
3.17,61.9,0,,,
3.17,60.7,0,,,
3.16,60.1,0,,,
3.16,62.3,0,,,
3.15,68.1,0,,,
3.15,75.3,0,,,
3.14,80.8,0,,,
3.13,83.1,0,,,
3.13,84.8,0,,,
3.12,85.4,0,,,
3.12,85.4,0,,,
3.11,83.9,0,,,
3.1,80.4,0,,,
3.1,72.8,0,,,
3.1,70.8,0,,,
3.09,69,0,,,
3.09,67.1,0,,,
3.08,65.9,0,,,
3.08,65,0,,,
3.08,63.6,0,,,
3.07,62.2,0,,,
3.07,61.3,0,,,
3.07,61.2,0,,,
3.06,62.8,0,,,
3.06,68.6,0,,,
3.06,75.9,0,,,
3.06,79.8,0,,,
3.07,82.7,0,,,
3.07,84.1,0,,,
3.07,83.9,0,,,
3.07,82.7,0,,,
3.07,80.4,0,,,
3.07,75.3,0,,,
3.07,70.5,0,,,
3.07,67.9,0,,,
3.07,65.6,0,,,
3.07,63.7,0,,,
3.06,62.3,0,,,
3.05,61.5,0,,,
3.05,59.8,0,,,
3.04,59.2,0,,,
3.04,58.6,0,,,
3.03,59.9,0,,,
3.03,62.5,0,,,
3.02,69.8,0,,,
3.02,76.2,0,,,
3.01,79.2,0,,,
3,79.1,0,,,
3,78.2,0,,,
2.99,77.3,0,,,
2.99,73.9,0,,,
2.99,71.9,0,,,
2.98,68.4,0,,,
2.98,66.9,0,,,
2.97,66.5,0,,,
2.97,66.2,0,,,
2.97,66,0,,,
2.96,66,0,,,
2.96,66.1,0,,,
2.95,65.4,0,,,
2.95,65.1,0,,,
2.95,64.9,0,,,
2.94,64.7,0.06,,,
2.95,63.9,0.09,,,
2.95,59.8,0,,,
2.95,61.4,0,,,
2.94,63.3,0,,,
2.93,64.9,0,,,
2.93,65.4,0,,,
2.93,64.3,0,,,
2.92,63.5,0,,,
2.91,60.8,0,,,
2.91,57.3,0,,,
2.91,55.1,0,,,
2.91,53.2,0,,,
2.9,52.5,0,,,
2.9,50,0,,,
2.9,46.1,0,,,
2.9,44.8,0,,,
2.9,44,0,,,
2.9,44.1,0,,,
2.89,43.8,0,,,
2.89,43.6,0,,,
2.89,49.5,0,,,
2.89,55.9,0,,,
2.89,61.2,0,,,
2.88,64.4,0,,,
2.88,66,0,,,
2.88,66.8,0,,,
2.88,67.8,0,,,
2.87,67.7,0,,,
2.87,63.4,0,,,
2.87,59.5,0,,,
2.86,56.4,0,,,
2.86,53.7,0,,,
2.86,50.9,0,,,
2.86,48.8,0,,,
2.86,47.8,0,,,
2.86,47.5,0,,,
2.86,46.6,0,,,
2.86,46,0,,,
2.86,46.1,0,,,
2.86,47.5,0,,,
2.86,50.9,0,,,
2.86,56.9,0,,,
2.86,62.8,0,,,
2.85,65.9,0,,,
2.85,66.8,0,,,
2.85,68.7,0,,,
2.85,67.5,0,,,
2.85,65.8,0,,,
2.85,62.6,0,,,
2.85,60.9,0,,,
2.84,59.7,0,,,
2.84,58.1,0,,,
2.84,56,0,,,
2.84,53.4,0,,,
2.84,51.8,0,,,
2.84,50.3,0,,,
2.84,49.4,0,,,
2.84,47.7,0,,,
2.83,45.8,0,,,
2.83,46.9,0,,,
2.83,52,0,,,
2.83,60.1,0,,,
2.83,65.7,0,,,
2.83,69.7,0,,,
2.83,71.6,0,,,
2.82,73.6,0,,,
2.82,74.1,0,,,
2.82,74.2,0,,,
2.82,69.9,0,,,
2.82,64.8,0,,,
2.82,60.7,0,,,
2.82,58.2,0,,,
2.81,56.7,0,,,
2.81,55.6,0,,,
2.81,57.3,0,,,
2.81,56.8,0,,,
2.81,54.7,0,,,
2.81,54.1,0,,,
2.81,54.9,0,,,
2.81,55,0,,,
2.81,58.2,0,,,
2.81,62.7,0,,,
2.81,64.6,0,,,
2.81,67,0,,,
2.81,68.9,0,,,
2.8,70,0,,,
2.8,69.8,0,,,
2.8,68.2,0,,,
2.8,63,0,,,
2.8,60.7,0,,,
2.8,56.7,0,,,
2.79,54.5,0,,,
2.79,52.2,0,,,
2.79,49.2,0,,,
2.79,46.6,0,,,
2.79,46.9,0,,,
2.79,45.4,0,,,
2.79,44.5,0,,,
2.79,43.2,0,,,
2.79,45.5,0,,,
2.79,49.3,0,,,
2.79,54.4,0,,,
2.78,55.3,0,,,
2.78,56.1,0,,,
2.78,55.1,0,,,
2.78,55.1,0,,,
2.78,55.2,0,,,
2.78,54.9,0,,,
2.78,54.1,0,,,
2.78,52,0,,,
2.78,51.3,0,,,
2.78,49.8,0,,,
2.78,46.6,0,,,
2.78,43.8,0,,,
2.78,42.1,0,,,
2.78,42.1,0,,,
2.78,41.6,0,,,
2.78,39.7,0,,,
2.77,40.2,0,,,
2.77,41.7,0,,,
2.77,44.8,0,,,
2.77,50.6,0,,,
2.77,54.8,0,,,
2.77,58.3,0,,,
2.77,60.6,0,,,
2.77,61.1,0,,,
2.77,60.7,0,,,
2.76,60.8,0,,,
2.76,56.4,0.01,,,
2.76,51.3,0,,,
2.76,48.1,0,,,
2.76,45.8,0,,,
2.76,44.3,0,,,
2.76,43.2,0,,,
2.76,42.1,0,,,
2.76,39.8,0,,,
2.76,38.9,0,,,
2.76,39.3,0,,,
2.76,38.6,0,,,
2.76,41.7,0,,,
2.76,48.8,0,,,
2.76,56.9,0,,,
2.76,62.3,0,,,
2.76,66.4,0,,,
2.76,68.7,0,,,
2.75,69.8,0,,,
2.75,69.5,0,,,
2.75,66.6,0,,,
2.75,59.8,0,,,
2.75,55.7,0,,,
2.75,54.2,0,,,
2.75,52.8,0,,,
2.75,51.7,0,,,
2.75,51.6,0,,,
2.75,51.8,0,,,
2.75,50.8,0,,,
2.75,50.4,0,,,
2.75,50.3,0,,,
2.75,51,0,,,
2.75,52.2,0.01,,,
2.75,54.7,0,,,
2.75,62,0,,,
2.75,70.1,0,,,
2.74,73.2,0,,,
2.74,76.2,0,,,
2.74,74.7,0,,,
2.74,75,0,,,
2.74,72.1,0,,,
2.74,67.1,0,,,
2.74,64.1,0,,,
2.74,64.1,0,,,
2.74,64.3,0,,,
2.74,62.8,0,,,
2.74,63.2,0,,,
2.74,62.9,0,,,
2.74,62.8,0,,,
2.74,63.6,0,,,
2.74,63.4,0,,,
2.74,62.6,0,,,
2.74,64.6,0,,,
2.74,67.6,0,,,
2.74,72.5,0,,,
2.74,74.3,0,,,
2.74,76.4,0,,,
2.74,79.3,0,,,
2.74,78.3,0,,,
2.74,75.7,0,,,
2.74,72.1,0,,,
2.74,68.8,0,,,
2.74,67.3,0.01,,,
2.74,66.5,0.01,,,
2.75,66,0.15,,,
2.75,65.6,0.06,,,
2.76,66.1,0.06,,,
2.76,66.3,0.02,,,
2.78,66.6,0.27,,,
2.79,66.5,0.19,,,
2.79,65.5,0.08,,,
2.81,57.1,0.09,,,
2.83,56.3,0.05,,,
2.85,56.1,0.61,,,
2.91,55.8,0.97,,,
3.01,56,0.78,,,
3.14,56.4,0.22,,,
3.25,56.6,0.5,,,
3.86,56.6,0.88,,,
4.44,57.2,0.58,,,
5,56.8,0.05,,,
5.37,55.6,0.09,,,
5.66,54.1,0.03,,,
6.19,53.7,0,,,
6.43,54.5,0.01,,,
6.62,55,0,,,
6.78,54.2,0,,,
6.93,52.3,0,,,
7.24,49.8,0,,,
7.41,50,0,,,
7.58,49.4,0,,,
7.75,49.3,0,,,
8,48.7,0,,,
8.18,48.7,0,,,
8.36,49.7,0,,,
8.53,51.8,0,,,
8.68,51.7,0,,,
8.83,53,0,,,
8.91,52.8,0,,,
9,53,0,,,
9.06,52.9,0,,,
9.11,51.7,0,,,
9.14,51.1,0,,,
9.18,50.5,0,,,
9.18,49.7,0,,,
9.18,48.5,0,,,
9.16,47.3,0,,,
9.14,46.2,0,,,
9.11,45.3,0,,,
9.06,44.3,0,,,
9.01,43.5,0,,,
8.96,42.6,0,,,
8.89,42.3,0,,,
8.81,43.3,0,,,
8.72,47.3,0,,,
8.63,46.7,0,,,
8.54,48.4,0,,,
8.43,51.7,0,,,
8.36,53.5,0,,,
8.25,54.2,0,,,
8.12,53.6,0,,,
8.02,52.4,0,,,
7.91,50.3,0,,,
7.81,48.6,0,,,
7.71,47.7,0,,,
7.61,46.7,0,,,
7.52,44.9,0,,,
7.33,43.4,0,,,
7.25,43.1,0,,,
7.16,41.6,0,,,
7.07,40.6,0,,,
6.99,40,0,,,
6.84,39.9,0,,,
6.76,41.3,0,,,
6.69,44.4,0,,,
6.62,47.8,0,,,
6.55,50.7,0,,,
6.42,53.1,0,,,
6.36,53.5,0,,,
6.3,54.4,0,,,
6.24,55.1,0,,,
6.19,53.6,0,,,
6.06,50.4,0,,,
6,46.7,0,,,
5.95,44.8,0,,,
5.89,42.3,0,,,
5.83,41.1,0,,,
5.73,40.7,0,,,
5.68,38.1,0,,,
5.63,36.9,0,,,
5.57,36.3,0,,,
5.52,34.9,0,,,
5.42,33.5,0,,,
5.38,34.9,0,,,
5.33,38.7,0,,,
5.29,43.7,0,,,
5.25,49.5,0,,,
5.16,53,0,,,
5.12,55.9,0,,,
5.08,57,0,,,
5.04,58.2,0,,,
5,57.1,0,,,
4.92,52.3,0,,,
4.89,49.3,0,,,
4.86,44.9,0,,,
4.82,42.6,0,,,
4.79,41,0,,,
4.76,39.5,0,,,
4.71,38.2,0,,,
4.68,37.1,0,,,
4.65,36.1,0,,,
4.62,34.8,0,,,
4.6,33.7,0,,,
4.55,34.1,0,,,
4.52,39.6,0,,,
4.5,46.9,0,,,
4.48,54.9,0,,,
4.46,58.7,0,,,
4.42,61.5,0,,,
4.4,60.5,0,,,
4.39,59.8,0,,,
4.37,59,0,,,
4.35,55.8,0,,,
4.33,53.2,0,,,
4.31,51.6,0,,,
4.3,49.7,0,,,
4.28,48.2,0,,,
4.27,46.5,0,,,
4.24,44.8,0,,,
4.23,43.7,0,,,
4.22,41.7,0,,,
4.2,40.6,0,,,
4.19,40.1,0,,,
4.16,39.5,0,,,
4.15,44.3,0,,,
4.14,50.2,0,,,
4.09,56.2,0,,,
4.1,60.1,0,,,
4.09,62.4,0,,,
4.08,63.4,0,,,
4.06,61.4,0,,,
4.05,61,0,,,
4.05,57.5,0,,,
4.04,53.3,0,,,
4.02,50.5,0,,,
4.02,49.9,0,,,
4.02,50.6,0,,,
4,51,0,,,
3.99,51.1,0,,,
3.98,48.8,0,,,
3.97,46.6,0,,,
3.97,45.8,0,,,
3.96,43.1,0,,,
3.95,42.8,0,,,
3.94,44.9,0,,,
3.93,51.4,0,,,
3.92,56.9,0,,,
3.9,59.8,0,,,
3.9,61.8,0,,,
3.88,64.7,0,,,
3.87,64.6,0,,,
3.87,63.6,0,,,
3.86,61.1,0,,,
3.85,56.7,0,,,
3.85,52.7,0,,,
3.84,53.2,0,,,
3.83,54.7,0,,,
3.82,52,0,,,
3.82,50,0,,,
3.81,49.9,0,,,
3.8,47.5,0,,,
3.79,46,0,,,
3.79,43.4,0,,,
3.77,43.1,0,,,
3.77,47.6,0,,,
3.75,50.7,0,,,
3.75,53.4,0,,,
3.74,54.5,0,,,
3.73,56.3,0,,,
3.72,57.6,0,,,
3.71,57.6,0,,,
3.7,55,0,,,
3.7,51,0,,,
3.7,48.1,0,,,
3.69,45.1,0,,,
3.69,42.4,0,,,
3.67,41.3,0,,,
3.67,41.7,0,,,
3.66,40.9,0,,,
3.66,38.9,0,,,
3.65,37.2,0,,,
3.64,36.1,0,,,
3.64,35.7,0,,,
3.63,39.6,0,,,
3.63,42,0,,,
3.62,45.1,0.01,,,
3.62,46.1,0.09,,,
3.63,48.4,0.1,,,
3.64,49.7,0.1,,,
3.65,50.8,0.14,,,
3.66,51.7,0.07,,,
3.67,53,0.01,,,
3.69,54.2,0.05,,,
3.7,55,0,,,
3.72,52.1,0,,,
3.73,49.6,0,,,
3.75,48.4,0,,,
3.77,47.7,0,,,
3.78,45.9,0,,,
3.78,43.8,0,,,
3.8,43,0,,,
3.84,41.5,0,,,
3.87,40.1,0,,,
3.9,40,0,,,
3.94,42.5,0,,,
3.99,43.9,0,,,
4.04,45.5,0,,,
4.12,46.1,0,,,
4.16,46.7,0,,,
4.19,47.9,0,,,
4.21,48.3,0,,,
4.23,47.9,0,,,
4.26,42.8,0,,,
4.26,39.9,0,,,
4.27,37.8,0,,,
4.27,36.9,0,,,
4.27,37.1,0,,,
4.26,37.1,0,,,
4.26,37,0,,,
4.25,37.7,0,,,
4.24,39.2,0,,,
4.24,40.2,0,,,
4.22,41.4,0,,,
4.21,41.8,0,,,
4.2,45.9,0,,,
4.19,48.8,0,,,
4.18,50.2,0,,,
4.17,55.5,0,,,
4.15,57.6,0,,,
4.14,59.1,0,,,
4.13,58.1,0,,,
4.12,57.4,0,,,
4.11,54,0,,,
4.09,50.4,0,,,
4.08,49.4,0,,,
4.07,48.8,0,,,
4.06,47.5,0,,,
4.04,47.4,0,,,
4.03,46.3,0,,,
4.02,45.9,0,,,
4.01,44.5,0,,,
4,44,0,,,
3.99,42.8,0,,,
3.98,43.6,0,,,
3.96,47,0,,,
3.95,52.7,0,,,
3.94,62.3,0,,,
3.93,68.6,0,,,
3.92,71.6,0,,,
3.91,70.6,0,,,
3.9,70,0,,,
3.89,68,0,,,
3.89,63.2,0,,,
3.88,58.3,0,,,
3.87,55.5,0,,,
3.87,54,0,,,
3.86,54,0,,,
3.85,55.1,0,,,
3.84,55.5,0,,,
3.83,55.5,0,,,
3.83,55.3,0,,,
3.82,54.5,0,,,
3.81,54.3,0,,,
3.8,54.7,0,,,
3.79,55.5,0,,,
3.79,58.2,0,,,
3.77,60,0,,,
3.77,63.6,0,,,
3.77,66.2,0,,,
3.76,64.3,0.21,,,
3.78,60.8,0,,,
3.78,63.6,0.01,,,
3.77,62.8,0.01,,,
3.77,62,0.02,,,
3.77,61.5,0,,,
3.78,60.6,0,,,
3.78,60.1,0,,,
3.78,59.5,0,,,
3.78,59.1,0,,,
3.78,57.8,0,,,
3.77,56,0,,,
3.77,53.4,0,,,
3.77,50.9,0,,,
3.77,50.5,0,,,
3.77,51.9,0,,,
3.77,53.9,0,,,
3.77,60.3,0,,,
3.78,63.5,0,,,
3.78,65,0,,,
3.78,65.5,0,,,
3.78,65.6,0,,,
3.78,56.8,0.04,,,
3.79,57.2,0.02,,,
3.79,55.9,0,,,
3.79,51.6,0,,,
3.79,48.7,0,,,
3.79,46.9,0,,,
3.8,46.3,0,,,
3.8,46.5,0,,,
3.81,47.4,0,,,
3.81,46.6,0,,,
3.82,43.8,0,,,
3.82,41.4,0,,,
3.82,38.1,0,,,
3.83,37,0,,,
3.83,41.6,0,,,
3.83,46.1,0,,,
3.83,48.8,0,,,
3.83,52.3,0,,,
3.83,56.1,0,,,
3.84,56.8,0,,,
3.84,56,0,,,
3.84,50.3,0,,,
3.85,47.6,0,,,
3.85,46.6,0,,,
3.85,45.7,0,,,
3.85,44.2,0,,,
3.84,44.8,0,,,
3.84,46.4,0,,,
3.82,46,0,,,
3.81,45.2,0,,,
3.81,47.1,0,,,
3.8,49.2,0,,,
3.79,50.8,0,,,
3.79,49.7,0,,,
3.78,50.3,0,,,
3.76,52.3,0,,,
3.76,54.5,0,,,
3.75,54.3,0,,,
3.75,56.4,0,,,
3.74,54.8,0,,,
3.73,51.5,0,,,
3.73,47.6,0,,,
3.72,44.9,0,,,
3.71,42.9,0,,,
3.7,40.4,0,,,
3.7,37.7,0,,,
3.69,36.8,0,,,
3.68,34.5,0,,,
3.68,33.5,0,,,
3.67,32.7,0,,,
3.66,32.4,0,,,
3.65,32,0,,,
3.65,34.3,0,,,
3.64,36.5,0.01,,,
3.64,39.3,0.01,,,
3.64,41.6,0.03,,,
3.64,47.2,0,,,
3.64,49.1,0,,,
3.64,49.4,0.01,,,
3.63,45.5,0,,,
3.63,41.4,0.06,,,
3.63,39.2,0.04,,,
3.62,37.7,0,,,
3.62,36.9,0,,,
3.62,35.5,0,,,
3.61,33.3,0,,,
3.61,32.6,0,,,
3.61,31.1,0,,,
3.6,31.2,0,,,
3.6,31,0,,,
3.59,30.2,0,,,
3.59,28.5,0,,,
3.58,28.2,0,,,
3.58,28.6,0,,,
3.58,31.6,0,,,
3.58,34.6,0,,,
3.58,37.4,0,,,
3.58,40.2,0,,,
3.58,40.1,0,,,
3.58,38.4,0,,,
3.58,37.4,0,,,
3.59,35.7,0,,,
3.59,33.5,0,,,
3.59,30.9,0,,,
3.59,30.7,0,,,
3.6,29.8,0,,,
3.61,29.8,0,,,
3.61,28.6,0,,,
3.61,27,0,,,
3.61,27.6,0,,,
3.61,26.8,0,,,
3.6,26.6,0,,,
3.6,25.3,0,,,
3.6,27.5,0,,,
3.6,31.6,0,,,
3.6,35.1,0,,,
3.59,37.4,0,,,
3.59,39.1,0,,,
3.58,40.7,0,,,
3.58,41.5,0,,,
3.58,42.2,0,,,
3.57,41.3,0,,,
3.57,37.9,0,,,
3.57,35.1,0,,,
3.56,37.5,0,,,
3.56,39.1,0,,,
3.56,39.9,0,,,
3.55,39.6,0,,,
3.55,40.9,0,,,
3.55,40.8,0,,,
3.54,40.8,0,,,
3.54,40.8,0,,,
3.54,40.4,0.03,,,
3.54,40.3,0,,,
3.54,42.3,0,,,
3.53,43.9,0,,,
3.53,47.4,0,,,
3.53,51.8,0,,,
3.53,58,0,,,
3.53,60.5,0.01,,,
3.52,61.8,0,,,
3.52,58.2,0,,,
3.52,55.1,0,,,
3.51,53.1,0,,,
3.52,52.4,0,,,
3.51,54.5,0,,,
3.51,53.4,0,,,
3.51,50.5,0,,,
3.5,48.2,0,,,
3.5,45.5,0,,,
3.5,42.7,0,,,
3.5,41.2,0,,,
3.5,37.2,0,,,
3.49,34.3,0,,,
3.49,37.4,0,,,
3.49,42.5,0,,,
3.49,45.8,0,,,
3.49,50,0,,,
3.48,52.6,0,,,
3.48,53.7,0,,,
3.48,54.4,0,,,
3.47,52.9,0,,,
3.47,47.2,0,,,
3.47,44,0,,,
3.47,41.4,0,,,
3.46,38.8,0,,,
3.46,37.5,0,,,
3.46,36.4,0,,,
3.45,37.8,0,,,
3.45,38.5,0.01,,,
3.45,39.6,0,,,
3.44,40.4,0,,,
3.44,41.2,0,,,
3.44,42.6,0,,,
3.43,45.5,0,,,
3.43,48.9,0,,,
3.43,51.6,0.01,,,
3.43,54.2,0,,,
3.43,55.9,0,,,
3.43,56.2,0,,,
3.43,56.7,0,,,
3.43,55.8,0,,,
3.43,54.8,0,,,
3.43,53.2,0,,,
3.42,52.2,0,,,
3.42,52.2,0,,,
3.42,51.1,0,,,
3.42,51.2,0,,,
3.41,48.1,0,,,
3.41,46.4,0,,,
3.41,44.8,0,,,
3.42,42.4,0,,,
3.41,38.5,0,,,
3.41,37.4,0,,,
3.41,39.2,0,,,
3.42,42,0,,,
3.43,43.7,0.01,,,
3.43,44.4,0,,,
3.43,44.7,0,,,
3.42,45,0,,,
3.42,45.6,0,,,
3.42,45.5,0,,,
3.41,43.7,0,,,
3.41,42.8,0,,,
3.4,41.5,0,,,
3.4,39.1,0,,,
3.4,37.2,0,,,
3.39,35.7,0,,,
3.39,34.1,0,,,
3.39,33.5,0,,,
3.38,33.4,0,,,
3.38,30.9,0,,,
3.38,28.8,0,,,
3.38,28.2,0,,,
3.38,27.9,0,,,
3.38,32.2,0,,,
3.38,37.2,0,,,
3.37,41.6,0,,,
3.37,45.5,0,,,
3.37,48.7,0,,,
3.37,48.2,0,,,
3.36,46.7,0,,,
3.36,45.5,0,,,
3.37,44.8,0,,,
3.37,44.4,0,,,
3.36,44.1,0,,,
3.36,44.1,0,,,
3.35,44.5,0,,,
3.35,45.3,0,,,
3.35,46,0,,,
3.35,48,0,,,
3.35,48.7,0,,,
3.34,49,0,,,
3.34,49.5,0,,,
3.34,49.1,0.02,,,
3.35,49.5,0.05,,,
3.35,50.6,0.05,,,
3.35,51.5,0.03,,,
3.36,52.2,0,,,
3.36,53.2,0,,,
3.36,54,0,,,
3.36,56.4,0,,,
3.36,55.3,0,,,
3.36,52,0,,,
3.37,52.4,0,,,
3.37,48.8,0,,,
3.37,46.6,0,,,
3.37,45.4,0,,,
3.37,43.6,0,,,
3.36,41.6,0,,,
3.37,39.6,0,,,
3.37,36.4,0,,,
3.37,36.7,0,,,
3.37,35.5,0,,,
3.37,34.5,0,,,
3.37,36.5,0,,,
3.37,39.9,0,,,
3.38,41.6,0,,,
3.38,43.7,0,,,
3.38,45.3,0,,,
3.38,46.2,0,,,
3.38,46.2,0,,,
3.38,43.9,0,,,
3.38,41.3,0,,,
3.38,39.6,0,,,
3.39,38.5,0,,,
3.39,36,0,,,
3.39,34.8,0,,,
3.39,31.1,0,,,
3.39,29.8,0,,,
3.39,28.5,0,,,
3.39,27.4,0,,,
3.39,27.2,0,,,
3.39,26.3,0,,,
3.39,26.6,0,,,
3.38,31.3,0,,,
3.38,36.8,0,,,
3.38,42.3,0,,,
3.38,46,0,,,
3.38,48.3,0,,,
3.38,49.3,0,,,
3.37,49,0,,,
3.37,45.8,0,,,
3.37,42.3,0,,,
3.37,38.4,0,,,
3.37,38,0,,,
3.36,34.5,0,,,
3.36,33.1,0,,,
3.36,32.8,0,,,
3.36,31.6,0,,,
3.35,31.8,0,,,
3.35,29.6,0,,,
3.35,29.4,0,,,
3.35,27.7,0,,,
3.34,28.3,0,,,
3.34,32.2,0,,,
3.34,37.4,0,,,
3.34,46.8,0,,,
3.34,51.5,0,,,
3.33,51.7,0,,,
3.33,50.9,0,,,
3.33,50.7,0,,,
3.33,48.4,0.02,,,
3.33,45.6,0.02,,,
3.33,44.9,0,,,
3.33,45.3,0,,,
3.33,46.9,0,,,
3.33,48.6,0.01,,,
3.33,49.2,0.02,,,
3.34,51.1,0.09,,,
3.35,52.7,0.17,,,
3.36,57.4,0.08,,,
3.38,59.2,0.27,,,
3.43,60.5,0.55,,,
3.61,60.3,0.12,,,
3.77,60.5,0.17,,,
3.93,61,0.04,,,
4.06,61.9,0,,,
4.22,61,0,,,
4.32,64.1,0.01,,,
4.42,66.7,0,,,
4.53,64.1,0,,,
4.66,61.2,0,,,
4.82,59.3,0,,,
5.17,60.1,0,,,
5.32,57,0,,,
5.45,53.2,0,,,
5.57,48.6,0,,,
5.67,45.2,0,,,
5.85,43.8,0,,,
5.91,43.3,0,,,
5.97,42.4,0,,,
6.02,44.6,0,,,
6.1,43.5,0,,,
6.13,43.2,0,,,
6.16,47.8,0,,,
6.18,49.7,0,,,
6.2,49.2,0,,,
6.21,47.2,0,,,
6.21,48,0,,,
6.22,47.1,0,,,
6.21,45.7,0,,,
6.2,43.2,0,,,
6.18,40.9,0,,,
6.16,39.6,0,,,
6.14,38.1,0,,,
6.11,37.3,0,,,
6.09,35.9,0,,,
6.02,35.1,0,,,
5.98,33.6,0,,,
5.95,33.3,0,,,
5.91,31.8,0,,,
5.87,30.8,0,,,
5.83,29.9,0,,,
5.75,28.5,0,,,
5.71,31.3,0,,,
5.66,37.6,0,,,
5.62,40.7,0,,,
5.57,44,0,,,
5.53,47.4,0,,,
5.45,49.7,0,,,
5.41,51.2,0,,,
5.37,49.9,0,,,
5.33,46.5,0,,,
5.29,44.5,0,,,
5.22,44.2,0,,,
5.19,43.6,0,,,
5.16,42.9,0,,,
5.12,42.5,0,,,
5.09,42.3,0,,,
5.06,42.2,0,,,
5,42.5,0,,,
4.97,42.8,0,,,
4.94,43.2,0,,,
4.91,44.7,0,,,
4.87,45.6,0.02,,,
4.84,47.3,0,,,
4.82,47.6,0.01,,,
4.8,48.1,0,,,
4.78,52.4,0.01,,,
4.76,53.9,0,,,
4.73,53.6,0,,,
4.71,51.5,0.02,,,
4.69,50.9,0,,,
4.68,49.4,0,,,
4.66,49.1,0,,,
4.62,47.9,0,,,
4.61,48.2,0,,,
4.6,46.2,0,,,
4.58,44.8,0,,,
4.57,45.1,0,,,
4.56,43.5,0,,,
4.54,43.5,0.01,,,
4.53,43.1,0,,,
4.52,43.8,0,,,
4.51,46,0,,,
4.5,47.7,0,,,
4.48,52.8,0,,,
4.47,55.1,0,,,
4.47,55.5,0,,,
4.45,55.1,0,,,
4.43,54.5,0,,,
4.42,53.4,0,,,
4.41,50.8,0,,,
4.4,50,0,,,
4.4,49.5,0,,,
4.39,49.2,0,,,
4.38,49,0,,,
4.37,48.5,0,,,
4.36,47.6,0,,,
4.35,46,0,,,
4.34,44.2,0,,,
4.33,40.6,0,,,
4.31,40.7,0,,,
4.31,41,0.01,,,
4.3,41.8,0,,,
4.28,43.4,0,,,
4.27,45.9,0,,,
4.27,47.2,0,,,
4.26,49.2,0,,,
4.25,52.6,0,,,
4.23,53.7,0,,,
4.23,54.1,0.01,,,
4.22,50.6,0,,,
4.21,49.6,0,,,
4.2,48.1,0,,,
4.2,47.2,0,,,
4.19,44.3,0,,,
4.18,44.1,0,,,
4.17,42.4,0,,,
4.16,41.1,0,,,
4.16,38.7,0,,,
4.15,41.1,0,,,
4.14,34.7,0,,,
4.14,40.5,0,,,
4.13,36.7,0,,,
4.12,47.4,0,,,
4.11,50.6,0,,,
4.1,52.1,0,,,
4.1,53.7,0,,,
4.09,55.4,0,,,
4.09,54.6,0,,,
4.08,54,0,,,
4.06,51.2,0,,,
4.06,47.6,0,,,
4.05,44.5,0,,,
4.05,41.4,0,,,
4.04,40.3,0,,,
4.03,38.7,0,,,
4.02,38.5,0,,,
4.02,36.7,0,,,
4.01,36.5,0,,,
4,37.1,0,,,
4,37.2,0,,,
3.99,39.2,0,,,
3.98,40.6,0,,,
3.98,43.2,0,,,
3.97,45.6,0,,,
3.96,47,0,,,
3.96,49.8,0,,,
3.95,49.8,0,,,
3.95,52.1,0,,,
3.94,52.2,0,,,
3.93,49,0,,,
3.93,47.1,0,,,
3.93,46.9,0,,,
3.92,46.9,0,,,
3.92,45.9,0,,,
3.91,45.7,0,,,
3.91,46.1,0,,,
3.9,46.9,0,,,
3.9,47.6,0,,,
3.89,47.2,0,,,
3.89,47.7,0,,,
3.88,47.9,0,,,
3.88,48,0,,,
3.88,49.4,0,,,
3.88,50.9,0,,,
3.87,52.6,0,,,
3.87,55.1,0,,,
3.87,56.8,0,,,
3.86,56.9,0,,,
3.87,57.7,0,,,
3.87,57.8,0,,,
3.86,57.7,0,,,
3.86,59.6,0,,,
3.86,61.2,0,,,
3.86,60.1,0,,,
3.85,60.2,0,,,
3.85,58.8,0,,,
3.84,58.6,0,,,
3.84,58.9,0,,,
3.84,57.1,0,,,
3.84,55.2,0,,,
3.83,52.7,0,,,
3.83,51.2,0,,,
3.83,53.9,0,,,
3.83,53.2,0,,,
3.83,53.4,0,,,
3.82,54.6,0,,,
3.82,51.4,0,,,
3.83,50.8,0,,,
3.82,49.4,0,,,
3.82,48.1,0,,,
3.81,45.9,0,,,
3.81,46.5,0,,,
3.81,46.2,0,,,
3.81,44.3,0,,,
3.8,43.5,0,,,
3.8,41.9,0,,,
3.79,40.2,0,,,
3.79,40.7,0,,,
3.78,37.4,0,,,
3.78,38.7,0,,,
3.78,37.2,0,,,
3.77,35.7,0,,,
3.77,36.5,0,,,
3.77,37.9,0,,,
3.76,40.2,0,,,
3.76,42.3,0,,,
3.75,43.8,0,,,
3.75,45,0,,,
3.74,44.8,0,,,
3.74,42.9,0,,,
3.73,39.6,0,,,
3.73,37.5,0,,,
3.72,37.5,0,,,
3.72,33.7,0,,,
3.72,31.9,0,,,
3.71,30.9,0,,,
3.71,33.1,0,,,
3.7,33,0,,,
3.7,34,0,,,
3.7,33.9,0,,,
3.69,33.2,0,,,
3.69,37,0,,,
3.68,38.2,0,,,
3.68,45.5,0,,,
3.68,49.9,0,,,
3.67,52.2,0,,,
3.67,53.7,0,,,
3.66,54.6,0,,,
3.66,54.9,0,,,
3.66,52.5,0,,,
3.65,49.3,0,,,
3.65,46.9,0,,,
3.64,44.8,0,,,
3.64,42.3,0,,,
3.64,41.4,0,,,
3.63,40.1,0,,,
3.63,38.1,0,,,
3.62,35,0,,,
3.62,34.1,0,,,
3.62,32,0,,,
3.62,30.7,0,,,
3.61,30.2,0,,,
3.61,32.7,0,,,
3.61,40.9,0,,,
3.61,48.6,0,,,
3.61,52.5,0,,,
3.6,55.6,0,,,
3.6,56.8,0,,,
3.59,56.9,0,,,
3.59,52.8,0,,,
3.59,49.2,0,,,
3.59,46.4,0,,,
3.59,44.5,0,,,
3.59,41.9,0,,,
3.59,40.3,0,,,
3.59,39.9,0,,,
3.59,38.5,0,,,
3.58,36.6,0,,,
3.58,36.6,0,,,
3.58,36.4,0,,,
3.58,37.4,0,,,
3.58,39.5,0,,,
3.58,40.7,0,,,
3.57,40.8,0,,,
3.57,42.8,0,,,
3.57,46.6,0,,,
3.57,46.2,0,,,
3.57,45.8,0,,,
3.56,45.4,0,,,
3.56,45.3,0,,,
3.56,44.4,0,,,
3.56,44.1,0,,,
3.56,43.3,0,,,
3.56,42.4,0,,,
3.56,39.3,0,,,
3.56,37.4,0,,,
3.56,35.5,0,,,
3.56,34.4,0,,,
3.56,33,0,,,
3.56,32.2,0,,,
3.56,31.5,0,,,
3.56,29.9,0,,,
3.56,30.5,0,,,
3.55,33.7,0,,,
3.55,37.6,0,,,
3.55,40.8,0,,,
3.55,42.8,0,,,
3.54,44.3,0,,,
3.54,42.5,0,,,
3.54,42.5,0,,,
3.54,42.1,0.03,,,
3.55,41.2,0.13,,,
3.56,41.5,0.07,,,
3.57,44,0.02,,,
3.58,45,0.02,,,
3.58,47.1,0,,,
3.59,49.1,0.01,,,
3.59,50.6,0,,,
3.61,51.4,0.01,,,
3.63,51.2,0.06,,,
3.64,46,0,,,
3.64,43.4,0,,,
3.65,42.5,0,,,
3.67,44.8,0,,,
3.68,48.6,0,,,
3.69,52.6,0,,,
3.7,56.1,0,,,
3.71,55.4,0,,,
3.74,55.7,0,,,
3.77,53.7,0,,,
3.79,51.3,0,,,
3.81,50.4,0,,,
3.87,49.8,0,,,
3.9,47.8,0,,,
3.93,47.8,0,,,
3.96,46.6,0,,,
3.98,46.1,0,,,
4.02,45.4,0,,,
4.04,44.5,0,,,
4.05,42.2,0.01,,,
4.06,42,0,,,
4.07,41.4,0,,,
4.07,40.4,0,,,
4.08,37.1,0,,,
4.07,36.6,0,,,
4.07,37.1,0,,,
4.07,37.4,0,,,
4.06,37.8,0,,,
4.05,38.1,0,,,
4.05,38.2,0,,,
4.04,38.4,0,,,
4.03,38.8,0,,,
4.02,38.6,0,,,
4.02,38.1,0,,,
4.01,37.6,0,,,
4.01,37.3,0,,,
4,36.7,0,,,
3.99,36.1,0,,,
3.98,35.4,0,,,
3.98,34.6,0,,,
3.97,33.8,0,,,
3.96,32.7,0,,,
3.95,32.2,0,,,
3.95,34.9,0,,,
3.94,38,0,,,
3.94,40.4,0,,,
3.93,42.6,0,,,
3.92,45.2,0,,,
3.91,46.1,0,,,
3.91,44.3,0,,,
3.9,43.9,0,,,
3.89,44.2,0,,,
3.88,43.4,0,,,
3.87,42.7,0,,,
3.87,40.7,0,,,
3.86,39.5,0,,,
3.85,38.6,0,,,
3.84,36.1,0,,,
3.83,33.9,0,,,
3.82,36.2,0,,,
3.82,35,0,,,
3.81,33,0,,,
3.8,33.8,0,,,
3.79,37.1,0,,,
3.79,41.2,0,,,
3.79,43.4,0,,,
3.78,44.1,0,,,
3.78,43.9,0,,,
3.77,43.2,0,,,
3.76,41.3,0,,,
3.76,40.3,0,,,
3.75,38.4,0,,,
3.74,37,0,,,
3.74,34.7,0,,,
3.74,33.4,0,,,
3.73,33.3,0,,,
3.73,34.5,0,,,
3.72,35.1,0,,,
3.72,36.5,0,,,
3.71,36.6,0,,,
3.71,36.2,0,,,
3.71,35.8,0,,,
3.7,34.9,0,,,
3.7,33.7,0,,,
3.69,36.3,0,,,
3.69,37.8,0,,,
3.69,39.5,0,,,
3.68,40.7,0,,,
3.67,41.5,0,,,
3.67,42.2,0,,,
3.66,40.1,0,,,
3.66,37.1,0,,,
3.66,34.9,0,,,
3.65,31.8,0,,,
3.65,29.6,0,,,
3.64,27.5,0,,,
3.64,26.1,0,,,
3.63,24.3,0,,,
3.63,24.1,0,,,
3.62,24.1,0,,,
3.62,23.3,0,,,
3.62,21.7,0,,,
3.61,21,0,,,
3.6,22.9,0,,,
3.6,28.1,0,,,
3.6,32.6,0,,,
3.59,36,0,,,
3.59,39.1,0,,,
3.58,41.6,0,,,
3.58,42.7,0,,,
3.57,40.3,0,,,
3.57,36.3,0,,,
3.57,33.6,0,,,
3.56,32.7,0,,,
3.56,32.5,0,,,
3.56,32,0,,,
3.56,31.4,0,,,
3.55,31.4,0,,,
3.55,32.6,0,,,
3.55,33,0,,,
3.54,33.1,0,,,
3.54,34.5,0,,,
3.54,36.2,0,,,
3.54,38.3,0,,,
3.53,42.9,0,,,
3.53,45.2,0,,,
3.53,46.4,0,,,
3.53,47,0,,,
3.53,46.4,0,,,
3.53,46.5,0,,,
3.53,46,0,,,
3.53,45.9,0,,,
3.53,46.2,0,,,
3.53,46.3,0,,,
3.53,46.6,0,,,
3.53,47.1,0,,,
3.52,47.4,0,,,
3.52,47.8,0,,,
3.52,48.3,0,,,
3.53,48.9,0,,,
3.52,49.4,0,,,
3.52,49.6,0.02,,,
3.53,48.6,0.06,,,
3.55,48.7,0.08,,,
3.55,49.4,0.05,,,
3.57,49.9,0.11,,,
3.62,50.6,0.18,,,
3.67,52.7,0.08,,,
3.86,53.1,0.05,,,
3.97,53.1,0.02,,,
4.05,52.7,0.01,,,
4.12,52.3,0.05,,,
4.18,46.8,0.02,,,
4.24,44.5,0,,,
4.33,43.5,0,,,
4.4,41.6,0,,,
4.5,39.6,0,,,
4.63,38.4,0,,,
4.77,35.2,0,,,
5.07,34.8,0,,,
5.21,33,0,,,
5.33,33.1,0,,,
5.44,29.7,0,,,
5.54,30.8,0,,,
5.62,33.4,0,,,
5.74,37.5,0,,,
5.79,38.8,0,,,
5.82,40.7,0,,,
5.84,41.2,0,,,
5.87,41.5,0,,,
5.88,39.9,0,,,
5.88,38.1,0,,,
5.88,37.6,0,,,
5.87,35.8,0,,,
5.86,35.4,0,,,
5.82,34,0,,,
5.8,35,0.01,,,
5.77,35.4,0,,,
5.74,34.8,0,,,
5.7,34,0,,,
5.67,34.9,0,,,
5.59,35.1,0,,,
5.56,35.2,0,,,
5.52,34.6,0,,,
5.48,35.2,0.01,,,
5.44,38.7,0,,,
5.37,42.4,0,,,
5.34,43.4,0,,,
5.31,45.8,0,,,
5.28,46.3,0,,,
5.24,46.2,0.01,,,
5.19,45.3,0.04,,,
5.16,44.7,0.1,,,
5.14,42.2,0.11,,,
5.1,41.1,0.07,,,
5.09,40,0.03,,,
5.08,39,0.06,,,
5.1,32.6,0,,,
5.13,32.3,0,,,
5.15,32.1,0,,,
5.18,31.9,0,,,
5.18,32,0,,,
5.2,32.2,0,,,
5.21,32.7,0.01,,,
5.24,33.4,0.04,,,
5.29,34.1,0.06,,,
5.33,35.5,0.07,,,
5.33,35.6,0.07,,,
5.41,34.2,0.01,,,
5.45,31.5,0,,,
5.53,29.9,0,,,
5.56,28.4,0,,,
5.58,26.6,0,,,
5.6,25.4,0,,,
5.63,24.3,0,,,
5.63,23.4,0,,,
5.63,22.2,0,,,
5.64,21.6,0,,,
5.63,20.5,0,,,
5.61,18.6,0,,,
5.6,19,0,,,
5.59,18.6,0,,,
5.57,20.7,0,,,
5.55,22.4,0,,,
5.52,24.4,0,,,
5.49,26.3,0,,,
5.47,27.9,0,,,
5.45,30.1,0,,,
5.42,30,0,,,
5.37,27.6,0,,,
5.35,24.5,0,,,
5.32,22.9,0,,,
5.3,21.6,0,,,
5.27,21.5,0,,,
5.21,19.2,0,,,
5.18,20.9,0,,,
5.16,18.4,0,,,
5.13,17.1,0,,,
5.1,17.2,0,,,
5.05,15.4,0,,,
5.03,14.8,0,,,
5.01,14.6,0,,,
4.98,16.2,0,,,
4.95,21.5,0,,,
4.89,26.9,0,,,
4.86,29.9,0,,,
4.82,32.8,0,,,
4.79,34.2,0,,,
4.76,34.2,0,,,
4.73,29.8,0,,,
4.71,27.5,0,,,
4.7,26.2,0,,,
4.7,25.1,0,,,
4.69,25,0,,,
4.69,24.2,0,,,
4.68,24.1,0,,,
4.67,25.6,0,,,
4.65,26.9,0,,,